Customer_ID,Age,Gender,Location,Purchase_Date,Category,Brand,Price,Quantity,Discount_Rate,Payment_Method,Device_Type,Total_Amount,Discount_Value,Final_Amount
1,56,Male,Mumbai,13-01-2023,Beauty,Apple,2107.72,2,0.22,Card,Mobile,4215.44,927.3968,3288.0432
2,46,Female,Mumbai,28-08-2023,Home,Samsung,3274.09,1,0.49,COD,Laptop,3274.09,1604.3041,1669.7859
3,32,Female,Mumbai,25-05-2023,Beauty,Nike,175.99,1,0.4,Card,Tablet,175.99,70.396,105.594
4,60,Female,Mumbai,01-07-2023,Clothing,Adidas,1476.32,3,0.37,UPI,Smartwatch,4428.96,1638.7152,2790.2448
5,25,Male,Hyderabad,10-04-2023,Clothing,Sony,1118.99,4,0.27,UPI,Desktop,4475.96,1208.5092,3267.4508
6,38,Male,Bangalore,24-09-2023,Electronics,LG,305.73,1,0.42,Card,Mobile,305.73,128.4066,177.3234
7,56,Male,Pune,05-10-2023,Sports,Dell,2448.37,4,0.17,UPI,Laptop,9793.48,1664.8916,8128.5884
8,36,Male,Delhi,28-05-2023,Beauty,HP,990.44,3,0.35,COD,Tablet,2971.32,1039.962,1931.358
9,40,Male,Hyderabad,14-01-2023,Electronics,Apple,3741.1,4,0.5,Card,Smartwatch,14964.4,7482.2,7482.2
10,28,Male,Pune,19-02-2023,Sports,Samsung,4254.85,2,0.16,UPI,Desktop,8509.7,1361.552,7148.148
11,28,Male,Hyderabad,30-12-2023,Beauty,Nike,2773.37,4,0.34,UPI,Mobile,11093.48,3771.7832,7321.6968
12,41,Male,Hyderabad,04-05-2023,Home,Adidas,4910.37,3,0.42,Card,Laptop,14731.11,6187.0662,8544.0438
13,53,Female,Delhi,02-06-2023,Beauty,Sony,2307.35,3,0.46,UPI,Tablet,6922.05,3184.143,3737.907
14,57,Female,Bangalore,07-11-2023,Clothing,LG,2615.5,3,0.36,Card,Smartwatch,7846.5,2824.74,5021.76
15,41,Male,Mumbai,24-02-2023,Clothing,Dell,4947.17,4,0.14,UPI,Desktop,19788.68,2770.4152,17018.2648
16,20,Male,Bangalore,16-11-2023,Home,HP,1234.59,2,0.16,COD,Mobile,2469.18,395.0688,2074.1112
17,39,Female,Delhi,14-12-2023,Electronics,Apple,4718.48,1,0.01,UPI,Laptop,4718.48,47.1848,4671.2952
18,19,Male,Delhi,15-10-2023,Sports,Samsung,309.9,2,0.38,UPI,Tablet,619.8,235.524,384.276
19,41,Male,Delhi,08-05-2023,Beauty,Nike,2287.3,4,0.02,Card,Smartwatch,9149.2,182.984,8966.216
20,61,Male,Pune,16-01-2023,Clothing,Adidas,443.02,4,0.43,UPI,Desktop,1772.08,761.9944,1010.0856
21,47,Female,Bangalore,01-01-2023,Electronics,Sony,3673.25,1,0.06,Card,Mobile,3673.25,220.395,3452.855
22,55,Female,Bangalore,24-01-2023,Home,LG,3081.2,4,0.09,COD,Laptop,12324.8,1109.232,11215.568
23,19,Female,Hyderabad,01-03-2023,Clothing,Dell,3562.51,3,0.24,Card,Tablet,10687.53,2565.0072,8122.5228
24,38,Female,Hyderabad,22-10-2023,Home,HP,1934.95,3,0.37,Card,Smartwatch,5804.85,2147.7945,3657.0555
25,50,Female,Hyderabad,24-04-2023,Beauty,Apple,1910.46,3,0.07,UPI,Desktop,5731.38,401.1966,5330.1834
26,29,Male,Delhi,07-04-2023,Sports,Samsung,322.06,3,0.22,COD,Mobile,966.18,212.5596,753.6204
27,39,Female,Bangalore,25-03-2023,Clothing,Nike,1814.73,3,0.24,Card,Laptop,5444.19,1306.6056,4137.5844
28,61,Male,Delhi,22-08-2023,Clothing,Adidas,4653.51,4,0.11,UPI,Tablet,18614.04,2047.5444,16566.4956
29,42,Male,Pune,26-08-2023,Beauty,Sony,1958.21,1,0.06,UPI,Smartwatch,1958.21,117.4926,1840.7174
30,44,Female,Hyderabad,20-02-2023,Electronics,LG,4173.7,1,0.42,Card,Desktop,4173.7,1752.954,2420.746
31,59,Female,Delhi,23-04-2023,Sports,Dell,4227.39,3,0.25,UPI,Mobile,12682.17,3170.5425,9511.6275
32,45,Male,Delhi,09-07-2023,Clothing,HP,1928.88,4,0.01,Card,Laptop,7715.52,77.1552,7638.3648
33,33,Male,Pune,10-08-2023,Sports,Apple,3196.74,2,0.4,Card,Tablet,6393.48,2557.392,3836.088
34,32,Male,Mumbai,10-07-2023,Clothing,Samsung,567.32,2,0.49,Card,Smartwatch,1134.64,555.9736,578.6664
35,64,Female,Bangalore,04-12-2023,Sports,Nike,608.03,4,0.3,COD,Desktop,2432.12,729.636,1702.484
36,61,Female,Mumbai,01-01-2024,Home,Adidas,338.42,3,0.25,Card,Mobile,1015.26,253.815,761.445
37,20,Female,Hyderabad,06-03-2023,Clothing,Sony,2946.97,1,0.44,UPI,Laptop,2946.97,1296.6668,1650.3032
38,54,Female,Delhi,06-10-2023,Sports,LG,2187.75,4,0.48,COD,Tablet,8751,4200.48,4550.52
39,24,Female,Pune,23-11-2023,Electronics,Dell,2785.36,2,0.38,UPI,Smartwatch,5570.72,2116.8736,3453.8464
40,38,Male,Pune,10-10-2023,Home,HP,2653.26,2,0.22,COD,Desktop,5306.52,1167.4344,4139.0856
41,26,Female,Bangalore,26-05-2023,Home,Apple,1815.99,2,0.3,COD,Mobile,3631.98,1089.594,2542.386
42,56,Male,Mumbai,19-04-2023,Electronics,Samsung,3419.62,3,0.35,COD,Laptop,10258.86,3590.601,6668.259
43,35,Male,Bangalore,11-01-2023,Sports,Nike,3816.66,2,0.1,COD,Tablet,7633.32,763.332,6869.988
44,21,Male,Delhi,26-07-2023,Beauty,Adidas,171.68,4,0.22,UPI,Smartwatch,686.72,151.0784,535.6416
45,42,Female,Bangalore,22-04-2023,Electronics,Sony,1115.49,4,0.41,Card,Desktop,4461.96,1829.4036,2632.5564
46,31,Female,Pune,17-08-2023,Sports,LG,3594.86,2,0.33,UPI,Mobile,7189.72,2372.6076,4817.1124
47,26,Female,Pune,20-02-2023,Electronics,Dell,1994.44,4,0.21,Card,Laptop,7977.76,1675.3296,6302.4304
48,43,Male,Hyderabad,21-01-2023,Electronics,HP,3346.17,2,0.33,UPI,Tablet,6692.34,2208.4722,4483.8678
49,19,Male,Hyderabad,07-07-2023,Clothing,Apple,1800.12,2,0.06,COD,Smartwatch,3600.24,216.0144,3384.2256
50,37,Male,Delhi,27-12-2023,Sports,Samsung,2014.7,1,0.2,COD,Desktop,2014.7,402.94,1611.76
51,45,Male,Mumbai,05-07-2023,Beauty,Nike,877.53,3,0.4,Card,Mobile,2632.59,1053.036,1579.554
52,64,Male,Bangalore,19-02-2023,Clothing,Adidas,1365.33,3,0.11,Card,Laptop,4095.99,450.5589,3645.4311
53,24,Male,Delhi,10-06-2023,Electronics,Sony,3066.52,1,0.09,UPI,Tablet,3066.52,275.9868,2790.5332
54,61,Female,Hyderabad,02-03-2023,Electronics,LG,2222.5,1,0.48,Card,Smartwatch,2222.5,1066.8,1155.7
55,25,Female,Bangalore,25-09-2023,Electronics,Dell,3894.08,3,0.1,UPI,Desktop,11682.24,1168.224,10514.016
56,64,Female,Hyderabad,25-08-2023,Sports,HP,4277.67,2,0.13,Card,Mobile,8555.34,1112.1942,7443.1458
57,52,Female,Bangalore,14-08-2023,Sports,Apple,2754.07,2,0.48,Card,Laptop,5508.14,2643.9072,2864.2328
58,31,Male,Mumbai,05-12-2023,Clothing,Samsung,3815.51,3,0.37,Card,Tablet,11446.53,4235.2161,7211.3139
59,34,Male,Delhi,30-09-2023,Beauty,Nike,1603.83,2,0.35,COD,Smartwatch,3207.66,1122.681,2084.979
60,53,Female,Bangalore,31-12-2023,Clothing,Adidas,2133.36,1,0.43,COD,Desktop,2133.36,917.3448,1216.0152
61,57,Male,Pune,03-11-2023,Home,Sony,3592.61,2,0.06,UPI,Mobile,7185.22,431.1132,6754.1068
62,21,Female,Pune,14-02-2023,Electronics,LG,1992.44,2,0.35,Card,Laptop,3984.88,1394.708,2590.172
63,19,Female,Bangalore,12-06-2023,Electronics,Dell,2983.67,4,0.25,UPI,Tablet,11934.68,2983.67,8951.01
64,23,Female,Bangalore,24-09-2023,Electronics,HP,1008.33,4,0.41,Card,Smartwatch,4033.32,1653.6612,2379.6588
65,59,Male,Bangalore,10-09-2023,Clothing,Apple,3038.88,4,0.25,COD,Desktop,12155.52,3038.88,9116.64
66,21,Female,Pune,14-02-2023,Clothing,Samsung,4321.42,2,0.31,COD,Mobile,8642.84,2679.2804,5963.5596
67,46,Female,Pune,18-03-2023,Electronics,Nike,4356.33,3,0.24,Card,Laptop,13068.99,3136.5576,9932.4324
68,35,Female,Bangalore,06-06-2023,Clothing,Adidas,3649.29,1,0.24,Card,Tablet,3649.29,875.8296,2773.4604
69,43,Male,Hyderabad,15-06-2023,Sports,Sony,3754.19,2,0.38,COD,Smartwatch,7508.38,2853.1844,4655.1956
70,61,Male,Hyderabad,23-06-2023,Sports,LG,2833.84,3,0.31,COD,Desktop,8501.52,2635.4712,5866.0488
71,51,Female,Mumbai,20-02-2023,Clothing,Dell,2964.87,2,0.32,UPI,Mobile,5929.74,1897.5168,4032.2232
72,27,Male,Delhi,21-12-2023,Electronics,HP,754.89,1,0.23,COD,Laptop,754.89,173.6247,581.2653
73,53,Male,Hyderabad,12-04-2023,Clothing,Apple,2274.91,2,0.27,Card,Tablet,4549.82,1228.4514,3321.3686
74,31,Male,Pune,24-10-2023,Clothing,Samsung,2308.8,1,0.37,UPI,Smartwatch,2308.8,854.256,1454.544
75,48,Male,Hyderabad,23-05-2023,Clothing,Nike,4796.64,2,0.41,Card,Desktop,9593.28,3933.2448,5660.0352
76,32,Male,Mumbai,28-04-2023,Home,Adidas,2212.33,1,0.35,UPI,Mobile,2212.33,774.3155,1438.0145
77,25,Male,Mumbai,22-09-2023,Sports,Sony,2791.78,2,0.46,Card,Laptop,5583.56,2568.4376,3015.1224
78,31,Male,Delhi,10-03-2023,Beauty,LG,2712.93,1,0.41,COD,Tablet,2712.93,1112.3013,1600.6287
79,40,Male,Hyderabad,20-07-2023,Beauty,Dell,3220.13,4,0.28,Card,Smartwatch,12880.52,3606.5456,9273.9744
80,57,Male,Pune,20-05-2023,Home,HP,3766.34,2,0.34,UPI,Desktop,7532.68,2561.1112,4971.5688
81,38,Male,Pune,12-05-2023,Clothing,Apple,1202.71,2,0.46,Card,Mobile,2405.42,1106.4932,1298.9268
82,33,Female,Bangalore,10-09-2023,Home,Samsung,2690.75,3,0.31,UPI,Laptop,8072.25,2502.3975,5569.8525
83,62,Female,Pune,29-08-2023,Home,Nike,4147,3,0.41,Card,Tablet,12441,5100.81,7340.19
84,35,Male,Delhi,29-12-2023,Electronics,Adidas,2369.26,1,0.34,COD,Smartwatch,2369.26,805.5484,1563.7116
85,64,Female,Delhi,07-01-2023,Sports,Sony,1464.44,2,0.28,COD,Desktop,2928.88,820.0864,2108.7936
86,41,Female,Pune,14-10-2023,Beauty,LG,3308.07,1,0.12,Card,Mobile,3308.07,396.9684,2911.1016
87,43,Male,Pune,27-07-2023,Clothing,Dell,4136.46,4,0.21,Card,Laptop,16545.84,3474.6264,13071.2136
88,42,Male,Bangalore,12-03-2023,Beauty,HP,409.39,3,0.48,Card,Tablet,1228.17,589.5216,638.6484
89,62,Male,Pune,02-04-2023,Beauty,Apple,3906.27,1,0.33,UPI,Smartwatch,3906.27,1289.0691,2617.2009
90,58,Female,Bangalore,05-01-2023,Sports,Samsung,4126.07,1,0.28,Card,Desktop,4126.07,1155.2996,2970.7704
91,46,Female,Bangalore,30-04-2023,Beauty,Nike,2361.46,3,0.47,Card,Mobile,7084.38,3329.6586,3754.7214
92,32,Male,Pune,05-08-2023,Beauty,Adidas,4918.2,2,0.29,UPI,Laptop,9836.4,2852.556,6983.844
93,62,Male,Mumbai,25-12-2023,Home,Sony,3954.87,1,0.26,COD,Tablet,3954.87,1028.2662,2926.6038
94,18,Male,Mumbai,29-07-2023,Sports,LG,3890.95,3,0.38,Card,Smartwatch,11672.85,4435.683,7237.167
95,42,Female,Bangalore,04-04-2023,Electronics,Dell,3764.41,2,0.36,Card,Desktop,7528.82,2710.3752,4818.4448
96,24,Female,Pune,12-05-2023,Clothing,HP,837.98,4,0.1,COD,Mobile,3351.92,335.192,3016.728
97,26,Female,Mumbai,17-07-2023,Beauty,Apple,1164.43,3,0.24,COD,Laptop,3493.29,838.3896,2654.9004
98,41,Female,Pune,20-02-2023,Clothing,Samsung,2373.55,1,0.24,UPI,Tablet,2373.55,569.652,1803.898
99,18,Male,Pune,29-07-2023,Electronics,Nike,1393.62,4,0.19,Card,Smartwatch,5574.48,1059.1512,4515.3288
100,61,Male,Pune,29-06-2023,Clothing,Adidas,2134.68,2,0.26,Card,Desktop,4269.36,1110.0336,3159.3264
101,25,Male,Hyderabad,01-11-2023,Electronics,Sony,4453.47,2,0.21,UPI,Mobile,8906.94,1870.4574,7036.4826
102,41,Male,Pune,16-11-2023,Home,LG,4139.2,3,0.1,COD,Laptop,12417.6,1241.76,11175.84
103,28,Female,Hyderabad,22-05-2023,Beauty,Dell,3187.2,3,0.21,UPI,Tablet,9561.6,2007.936,7553.664
104,34,Female,Bangalore,10-05-2023,Electronics,HP,4304.79,3,0.04,COD,Smartwatch,12914.37,516.5748,12397.7952
105,25,Male,Mumbai,08-12-2023,Clothing,Apple,3940.48,2,0.29,UPI,Desktop,7880.96,2285.4784,5595.4816
106,52,Male,Mumbai,23-01-2023,Beauty,Samsung,2202.03,4,0.43,COD,Mobile,8808.12,3787.4916,5020.6284
107,52,Female,Mumbai,02-06-2023,Home,Nike,1085.22,2,0.36,UPI,Laptop,2170.44,781.3584,1389.0816
108,50,Male,Mumbai,30-10-2023,Beauty,Adidas,2619.59,1,0.18,COD,Tablet,2619.59,471.5262,2148.0638
109,22,Female,Mumbai,25-09-2023,Electronics,Sony,3707.52,2,0.04,COD,Smartwatch,7415.04,296.6016,7118.4384
110,59,Male,Mumbai,29-09-2023,Home,LG,2238.46,1,0.1,COD,Desktop,2238.46,223.846,2014.614
111,56,Male,Mumbai,30-04-2023,Clothing,Dell,3367.18,4,0.27,COD,Mobile,13468.72,3636.5544,9832.1656
112,58,Male,Bangalore,26-06-2023,Home,HP,562.2,3,0.1,COD,Laptop,1686.6,168.66,1517.94
113,45,Male,Pune,21-02-2023,Home,Apple,3765.22,3,0.27,Card,Tablet,11295.66,3049.8282,8245.8318
114,24,Male,Delhi,04-09-2023,Sports,Samsung,4082.3,2,0.12,COD,Smartwatch,8164.6,979.752,7184.848
115,26,Male,Hyderabad,27-11-2023,Home,Nike,3563.51,3,0.42,Card,Desktop,10690.53,4490.0226,6200.5074
116,25,Male,Delhi,14-01-2023,Home,Adidas,4839.59,4,0.2,COD,Mobile,19358.36,3871.672,15486.688
117,29,Female,Delhi,06-10-2023,Beauty,Sony,4150.6,3,0.12,Card,Laptop,12451.8,1494.216,10957.584
118,51,Female,Pune,18-09-2023,Clothing,LG,4525.16,2,0.41,Card,Tablet,9050.32,3710.6312,5339.6888
119,50,Female,Pune,22-07-2023,Beauty,Dell,4674.5,4,0.17,UPI,Smartwatch,18698,3178.66,15519.34
120,40,Female,Pune,06-08-2023,Beauty,HP,4026.61,1,0.06,COD,Desktop,4026.61,241.5966,3785.0134
121,41,Female,Mumbai,03-09-2023,Electronics,Apple,3403.87,2,0.29,UPI,Mobile,6807.74,1974.2446,4833.4954
122,54,Male,Bangalore,25-04-2023,Beauty,Samsung,128.02,1,0.29,UPI,Laptop,128.02,37.1258,90.8942
123,52,Male,Mumbai,17-01-2023,Sports,Nike,2382.55,4,0.36,COD,Tablet,9530.2,3430.872,6099.328
124,61,Female,Bangalore,02-11-2023,Sports,Adidas,2898.7,2,0.12,UPI,Smartwatch,5797.4,695.688,5101.712
125,57,Male,Bangalore,14-04-2023,Electronics,Sony,1589.75,2,0.22,COD,Desktop,3179.5,699.49,2480.01
126,39,Female,Delhi,06-01-2023,Clothing,LG,1658.71,4,0.14,UPI,Mobile,6634.84,928.8776,5705.9624
127,44,Female,Delhi,25-09-2023,Clothing,Dell,4809.68,3,0.04,COD,Laptop,14429.04,577.1616,13851.8784
128,52,Male,Bangalore,20-01-2023,Beauty,HP,4469.38,2,0.44,COD,Tablet,8938.76,3933.0544,5005.7056
129,18,Male,Bangalore,24-06-2023,Beauty,Apple,4260.98,2,0.36,COD,Smartwatch,8521.96,3067.9056,5454.0544
130,52,Male,Mumbai,20-12-2023,Beauty,Samsung,2089.46,1,0.15,Card,Desktop,2089.46,313.419,1776.041
131,54,Female,Mumbai,15-07-2023,Clothing,Nike,167.12,3,0.3,UPI,Mobile,501.36,150.408,350.952
132,64,Male,Delhi,21-03-2023,Home,Adidas,493.09,1,0.1,Card,Laptop,493.09,49.309,443.781
133,31,Female,Pune,02-02-2023,Sports,Sony,1629.76,1,0.45,UPI,Tablet,1629.76,733.392,896.368
134,20,Female,Bangalore,16-05-2023,Home,LG,177.14,3,0.06,UPI,Smartwatch,531.42,31.8852,499.5348
135,18,Female,Mumbai,18-04-2023,Home,Dell,184.03,3,0,UPI,Desktop,552.09,0,552.09
136,22,Male,Delhi,24-05-2023,Clothing,HP,4591.36,4,0.25,Card,Mobile,18365.44,4591.36,13774.08
137,43,Male,Mumbai,15-02-2023,Home,Apple,3560.18,3,0.29,UPI,Laptop,10680.54,3097.3566,7583.1834
138,31,Female,Bangalore,23-03-2023,Electronics,Samsung,1613.88,2,0.29,Card,Tablet,3227.76,936.0504,2291.7096
139,56,Male,Bangalore,18-07-2023,Beauty,Nike,749.96,3,0.03,COD,Smartwatch,2249.88,67.4964,2182.3836
140,44,Male,Hyderabad,27-09-2023,Electronics,Adidas,2607.02,4,0.16,UPI,Desktop,10428.08,1668.4928,8759.5872
141,26,Male,Pune,20-06-2023,Sports,Sony,126.2,4,0.25,UPI,Mobile,504.8,126.2,378.6
142,32,Female,Hyderabad,29-07-2023,Beauty,LG,4698.23,4,0.11,COD,Laptop,18792.92,2067.2212,16725.6988
143,32,Female,Delhi,05-09-2023,Home,Dell,2132.59,3,0.44,COD,Tablet,6397.77,2815.0188,3582.7512
144,43,Male,Mumbai,20-10-2023,Sports,HP,2071.44,3,0.04,UPI,Smartwatch,6214.32,248.5728,5965.7472
145,59,Female,Delhi,08-05-2023,Beauty,Apple,2013.91,1,0.24,COD,Desktop,2013.91,483.3384,1530.5716
146,30,Male,Bangalore,15-02-2023,Home,Samsung,439.71,1,0.35,Card,Mobile,439.71,153.8985,285.8115
147,49,Male,Hyderabad,01-09-2023,Electronics,Nike,3227.78,2,0.13,Card,Laptop,6455.56,839.2228,5616.3372
148,56,Male,Hyderabad,05-04-2023,Beauty,Adidas,3691.72,1,0.31,UPI,Tablet,3691.72,1144.4332,2547.2868
149,49,Male,Hyderabad,03-08-2023,Home,Sony,3413.01,2,0.41,Card,Smartwatch,6826.02,2798.6682,4027.3518
150,21,Female,Delhi,30-10-2023,Electronics,LG,778.33,4,0.1,Card,Desktop,3113.32,311.332,2801.988
151,47,Female,Bangalore,09-09-2023,Sports,Dell,2936.32,1,0.46,UPI,Mobile,2936.32,1350.7072,1585.6128
152,54,Female,Mumbai,11-09-2023,Sports,HP,2890.47,3,0.28,COD,Laptop,8671.41,2427.9948,6243.4152
153,40,Male,Mumbai,03-09-2023,Sports,Apple,4355.21,1,0.15,UPI,Tablet,4355.21,653.2815,3701.9285
154,56,Male,Delhi,11-12-2023,Sports,Samsung,1957.73,2,0.22,Card,Smartwatch,3915.46,861.4012,3054.0588
155,62,Male,Hyderabad,04-03-2023,Clothing,Nike,1920.28,1,0.16,UPI,Desktop,1920.28,307.2448,1613.0352
156,32,Female,Pune,07-02-2023,Beauty,Adidas,3130.78,4,0.36,UPI,Mobile,12523.12,4508.3232,8014.7968
157,60,Male,Delhi,14-10-2023,Beauty,Sony,3202.06,3,0.4,Card,Laptop,9606.18,3842.472,5763.708
158,46,Female,Delhi,06-06-2023,Clothing,LG,2399.5,2,0.42,Card,Tablet,4799,2015.58,2783.42
159,53,Female,Bangalore,16-11-2023,Home,Dell,2270.99,3,0.49,UPI,Smartwatch,6812.97,3338.3553,3474.6147
160,30,Female,Mumbai,06-08-2023,Home,HP,2521.32,3,0.4,Card,Desktop,7563.96,3025.584,4538.376
161,49,Female,Delhi,29-12-2023,Sports,Apple,4319.12,2,0.3,Card,Mobile,8638.24,2591.472,6046.768
162,24,Female,Delhi,18-08-2023,Electronics,Samsung,2359.72,3,0.17,Card,Laptop,7079.16,1203.4572,5875.7028
163,39,Female,Hyderabad,23-12-2023,Home,Nike,4705.67,3,0.27,Card,Tablet,14117.01,3811.5927,10305.4173
164,45,Male,Hyderabad,04-02-2023,Electronics,Adidas,2569.62,1,0.02,Card,Smartwatch,2569.62,51.3924,2518.2276
165,19,Male,Pune,24-02-2023,Beauty,Sony,4751.08,3,0.37,Card,Desktop,14253.24,5273.6988,8979.5412
166,59,Female,Bangalore,05-03-2023,Electronics,LG,4180.88,3,0.22,COD,Mobile,12542.64,2759.3808,9783.2592
167,62,Female,Pune,28-09-2023,Beauty,Dell,1875.91,3,0.01,UPI,Laptop,5627.73,56.2773,5571.4527
168,23,Male,Hyderabad,17-01-2023,Clothing,HP,4331.84,3,0.03,Card,Tablet,12995.52,389.8656,12605.6544
169,45,Female,Mumbai,01-01-2024,Clothing,Apple,639.31,2,0.19,UPI,Smartwatch,1278.62,242.9378,1035.6822
170,45,Female,Hyderabad,29-01-2023,Sports,Samsung,4632.73,4,0.29,COD,Desktop,18530.92,5373.9668,13156.9532
171,61,Male,Bangalore,12-06-2023,Home,Nike,3195.05,1,0.23,Card,Mobile,3195.05,734.8615,2460.1885
172,61,Female,Hyderabad,23-08-2023,Sports,Adidas,366.51,3,0.31,UPI,Laptop,1099.53,340.8543,758.6757
173,37,Female,Bangalore,19-10-2023,Beauty,Sony,3256.86,3,0.24,Card,Tablet,9770.58,2344.9392,7425.6408
174,47,Female,Bangalore,27-08-2023,Sports,LG,4873.81,2,0.33,Card,Smartwatch,9747.62,3216.7146,6530.9054
175,28,Male,Bangalore,21-03-2023,Electronics,Dell,442.02,4,0.11,Card,Desktop,1768.08,194.4888,1573.5912
176,45,Male,Bangalore,18-10-2023,Beauty,HP,2817.97,3,0.06,Card,Mobile,8453.91,507.2346,7946.6754
177,42,Male,Bangalore,05-03-2023,Clothing,Apple,3764.19,2,0.3,Card,Laptop,7528.38,2258.514,5269.866
178,56,Female,Mumbai,16-04-2023,Home,Samsung,4070.27,1,0.24,Card,Tablet,4070.27,976.8648,3093.4052
179,50,Female,Pune,26-02-2023,Beauty,Nike,2127.75,1,0.01,Card,Smartwatch,2127.75,21.2775,2106.4725
180,18,Male,Delhi,19-04-2023,Beauty,Adidas,1100.42,3,0.19,COD,Desktop,3301.26,627.2394,2674.0206
181,44,Female,Pune,11-03-2023,Electronics,Sony,307.48,3,0.05,COD,Mobile,922.44,46.122,876.318
182,30,Female,Bangalore,09-05-2023,Home,LG,2940.66,4,0.27,Card,Laptop,11762.64,3175.9128,8586.7272
183,58,Female,Mumbai,05-12-2023,Clothing,Dell,2319.26,4,0.2,Card,Tablet,9277.04,1855.408,7421.632
184,20,Female,Hyderabad,03-06-2023,Beauty,HP,4748.85,3,0.31,COD,Smartwatch,14246.55,4416.4305,9830.1195
185,56,Female,Mumbai,06-06-2023,Beauty,Apple,396.96,2,0.4,COD,Desktop,793.92,317.568,476.352
186,23,Male,Bangalore,14-01-2023,Electronics,Samsung,3458.44,4,0.15,COD,Mobile,13833.76,2075.064,11758.696
187,25,Female,Mumbai,06-09-2023,Sports,Nike,222.33,3,0.48,Card,Laptop,666.99,320.1552,346.8348
188,44,Male,Mumbai,07-04-2023,Clothing,Adidas,940.03,4,0.27,UPI,Tablet,3760.12,1015.2324,2744.8876
189,26,Female,Bangalore,20-05-2023,Home,Sony,2322.54,3,0.31,UPI,Smartwatch,6967.62,2159.9622,4807.6578
190,54,Male,Mumbai,10-06-2023,Beauty,LG,2328.87,1,0.34,UPI,Desktop,2328.87,791.8158,1537.0542
191,50,Female,Delhi,05-08-2023,Beauty,Dell,3459.93,3,0.33,UPI,Mobile,10379.79,3425.3307,6954.4593
192,59,Male,Delhi,02-06-2023,Clothing,HP,4560.04,1,0.26,Card,Laptop,4560.04,1185.6104,3374.4296
193,61,Female,Mumbai,03-10-2023,Sports,Apple,3231.26,4,0.21,UPI,Tablet,12925.04,2714.2584,10210.7816
194,41,Male,Hyderabad,23-07-2023,Beauty,Samsung,4772.32,3,0.03,COD,Smartwatch,14316.96,429.5088,13887.4512
195,32,Female,Bangalore,23-07-2023,Clothing,Nike,4419.92,4,0.01,COD,Desktop,17679.68,176.7968,17502.8832
196,49,Male,Delhi,27-06-2023,Electronics,Adidas,2964.05,1,0.18,UPI,Mobile,2964.05,533.529,2430.521
197,49,Female,Hyderabad,31-10-2023,Sports,Sony,4185.58,3,0.17,COD,Laptop,12556.74,2134.6458,10422.0942
198,41,Male,Mumbai,21-07-2023,Home,LG,3248.63,4,0.19,Card,Tablet,12994.52,2468.9588,10525.5612
199,58,Male,Hyderabad,27-08-2023,Beauty,Dell,484.93,1,0.07,UPI,Smartwatch,484.93,33.9451,450.9849
200,29,Female,Pune,08-08-2023,Clothing,HP,3728.77,4,0.37,UPI,Desktop,14915.08,5518.5796,9396.5004
201,56,Female,Delhi,12-12-2023,Electronics,Apple,565.05,2,0.43,Card,Mobile,1130.1,485.943,644.157
202,19,Male,Mumbai,16-09-2023,Home,Samsung,3011.01,1,0.47,COD,Laptop,3011.01,1415.1747,1595.8353
203,20,Female,Bangalore,23-01-2023,Clothing,Nike,3542.94,1,0.25,Card,Tablet,3542.94,885.735,2657.205
204,54,Male,Mumbai,12-05-2023,Clothing,Adidas,425.99,1,0.35,Card,Smartwatch,425.99,149.0965,276.8935
205,34,Male,Bangalore,03-04-2023,Home,Sony,1230.89,3,0.43,COD,Desktop,3692.67,1587.8481,2104.8219
206,19,Male,Mumbai,19-09-2023,Electronics,LG,4586.79,3,0.21,Card,Mobile,13760.37,2889.6777,10870.6923
207,19,Female,Hyderabad,25-06-2023,Electronics,Dell,3119.94,3,0.15,COD,Laptop,9359.82,1403.973,7955.847
208,45,Male,Hyderabad,26-12-2023,Sports,HP,1306.8,2,0.47,COD,Tablet,2613.6,1228.392,1385.208
209,40,Male,Hyderabad,10-05-2023,Beauty,Apple,3484.33,2,0.26,Card,Smartwatch,6968.66,1811.8516,5156.8084
210,54,Female,Pune,25-07-2023,Home,Samsung,3024.2,1,0.25,COD,Desktop,3024.2,756.05,2268.15
211,49,Female,Bangalore,13-08-2023,Home,Nike,2557.72,2,0.09,Card,Mobile,5115.44,460.3896,4655.0504
212,50,Female,Hyderabad,23-09-2023,Home,Adidas,4883.32,4,0.05,COD,Laptop,19533.28,976.664,18556.616
213,18,Female,Pune,28-05-2023,Electronics,Sony,3448.92,1,0.42,UPI,Tablet,3448.92,1448.5464,2000.3736
214,36,Male,Bangalore,04-10-2023,Beauty,LG,1939.66,1,0.31,COD,Smartwatch,1939.66,601.2946,1338.3654
215,19,Male,Mumbai,19-06-2023,Sports,Dell,4020.36,4,0.16,COD,Desktop,16081.44,2573.0304,13508.4096
216,61,Male,Pune,11-02-2023,Clothing,HP,4434.46,1,0.1,Card,Mobile,4434.46,443.446,3991.014
217,43,Male,Delhi,30-09-2023,Clothing,Apple,713.58,2,0.28,COD,Laptop,1427.16,399.6048,1027.5552
218,49,Female,Pune,29-06-2023,Home,Samsung,1082.71,3,0.29,UPI,Tablet,3248.13,941.9577,2306.1723
219,23,Male,Pune,16-06-2023,Beauty,Nike,1159.51,4,0.1,UPI,Smartwatch,4638.04,463.804,4174.236
220,49,Male,Bangalore,10-12-2023,Electronics,Adidas,3486.94,2,0.43,COD,Desktop,6973.88,2998.7684,3975.1116
221,21,Female,Mumbai,16-01-2023,Beauty,Sony,3054.89,4,0.04,COD,Mobile,12219.56,488.7824,11730.7776
222,28,Male,Delhi,05-06-2023,Beauty,LG,3133.06,4,0.18,UPI,Laptop,12532.24,2255.8032,10276.4368
223,34,Male,Hyderabad,30-11-2023,Electronics,Dell,4709.79,1,0.34,Card,Tablet,4709.79,1601.3286,3108.4614
224,55,Male,Hyderabad,07-05-2023,Home,HP,3901.97,1,0.14,UPI,Smartwatch,3901.97,546.2758,3355.6942
225,41,Male,Pune,19-04-2023,Beauty,Apple,726.89,2,0.41,UPI,Desktop,1453.78,596.0498,857.7302
226,22,Male,Bangalore,21-01-2023,Clothing,Samsung,1802.78,4,0.37,COD,Mobile,7211.12,2668.1144,4543.0056
227,51,Male,Bangalore,30-04-2023,Electronics,Nike,2233.43,1,0.39,COD,Laptop,2233.43,871.0377,1362.3923
228,23,Female,Hyderabad,13-02-2023,Sports,Adidas,2040.21,1,0.06,UPI,Tablet,2040.21,122.4126,1917.7974
229,39,Female,Delhi,08-02-2023,Home,Sony,3379.61,4,0.07,Card,Smartwatch,13518.44,946.2908,12572.1492
230,28,Male,Mumbai,24-05-2023,Electronics,LG,4470.28,2,0.14,UPI,Desktop,8940.56,1251.6784,7688.8816
231,33,Male,Delhi,19-10-2023,Sports,Dell,1599.65,2,0.26,UPI,Mobile,3199.3,831.818,2367.482
232,50,Female,Mumbai,01-07-2023,Sports,HP,2804.2,4,0.37,Card,Laptop,11216.8,4150.216,7066.584
233,26,Male,Hyderabad,27-09-2023,Beauty,Apple,3968.11,2,0.42,UPI,Tablet,7936.22,3333.2124,4603.0076
234,23,Male,Mumbai,20-06-2023,Beauty,Samsung,2139.47,1,0.35,UPI,Smartwatch,2139.47,748.8145,1390.6555
235,33,Male,Bangalore,02-07-2023,Beauty,Nike,923.78,4,0.46,COD,Desktop,3695.12,1699.7552,1995.3648
236,46,Female,Pune,17-04-2023,Electronics,Adidas,2427.26,1,0.37,Card,Mobile,2427.26,898.0862,1529.1738
237,20,Male,Pune,10-03-2023,Electronics,Sony,370.59,3,0.15,COD,Laptop,1111.77,166.7655,945.0045
238,37,Female,Hyderabad,05-10-2023,Home,LG,4717.68,3,0.13,COD,Tablet,14153.04,1839.8952,12313.1448
239,53,Male,Bangalore,27-05-2023,Beauty,Dell,466.62,2,0.35,Card,Smartwatch,933.24,326.634,606.606
240,36,Female,Delhi,03-02-2023,Sports,HP,2248.44,3,0.1,Card,Desktop,6745.32,674.532,6070.788
241,43,Female,Bangalore,10-07-2023,Clothing,Apple,2696.42,1,0.05,UPI,Mobile,2696.42,134.821,2561.599
242,20,Male,Pune,21-12-2023,Home,Samsung,4927.99,3,0.27,COD,Laptop,14783.97,3991.6719,10792.2981
243,36,Female,Pune,25-10-2023,Electronics,Nike,913.51,1,0.41,Card,Tablet,913.51,374.5391,538.9709
244,37,Male,Bangalore,30-05-2023,Home,Adidas,660.71,2,0.05,COD,Smartwatch,1321.42,66.071,1255.349
245,49,Female,Bangalore,25-05-2023,Home,Sony,142.66,2,0.4,COD,Desktop,285.32,114.128,171.192
246,24,Male,Pune,17-07-2023,Home,LG,862.3,1,0.41,Card,Mobile,862.3,353.543,508.757
247,58,Male,Delhi,23-07-2023,Home,Dell,1115.64,3,0.24,UPI,Laptop,3346.92,803.2608,2543.6592
248,50,Female,Hyderabad,15-07-2023,Clothing,HP,3189.85,2,0.03,COD,Tablet,6379.7,191.391,6188.309
249,57,Male,Hyderabad,24-09-2023,Beauty,Apple,1176.56,4,0.09,Card,Smartwatch,4706.24,423.5616,4282.6784
250,56,Male,Bangalore,24-07-2023,Sports,Samsung,200.55,2,0.35,UPI,Desktop,401.1,140.385,260.715
251,35,Female,Hyderabad,10-02-2023,Home,Nike,4150.43,3,0.36,COD,Mobile,12451.29,4482.4644,7968.8256
252,57,Male,Pune,30-08-2023,Home,Adidas,1891.42,4,0.45,Card,Laptop,7565.68,3404.556,4161.124
253,18,Male,Pune,03-08-2023,Home,Sony,1833.11,3,0.29,COD,Tablet,5499.33,1594.8057,3904.5243
254,28,Female,Bangalore,21-05-2023,Beauty,LG,1582.15,1,0.06,Card,Smartwatch,1582.15,94.929,1487.221
255,45,Female,Bangalore,27-08-2023,Electronics,Dell,4879.33,4,0.06,Card,Desktop,19517.32,1171.0392,18346.2808
256,42,Male,Bangalore,06-04-2023,Electronics,HP,933.57,3,0.36,COD,Mobile,2800.71,1008.2556,1792.4544
257,40,Male,Delhi,06-07-2023,Clothing,Apple,4501.37,4,0.09,COD,Laptop,18005.48,1620.4932,16384.9868
258,48,Female,Hyderabad,18-10-2023,Electronics,Samsung,3906.34,3,0.16,Card,Tablet,11719.02,1875.0432,9843.9768
259,47,Female,Bangalore,10-08-2023,Home,Nike,474.75,4,0.24,UPI,Smartwatch,1899,455.76,1443.24
260,59,Male,Mumbai,09-03-2023,Home,Adidas,4934.97,3,0.01,COD,Desktop,14804.91,148.0491,14656.8609
261,52,Female,Mumbai,25-05-2023,Home,Sony,1429.69,1,0.12,Card,Mobile,1429.69,171.5628,1258.1272
262,24,Male,Pune,18-02-2023,Clothing,LG,583.06,4,0.2,Card,Laptop,2332.24,466.448,1865.792
263,33,Male,Hyderabad,09-05-2023,Home,Dell,4163.64,4,0.14,UPI,Tablet,16654.56,2331.6384,14322.9216
264,43,Male,Bangalore,24-01-2023,Electronics,HP,3562.71,4,0.07,UPI,Smartwatch,14250.84,997.5588,13253.2812
265,19,Male,Mumbai,10-04-2023,Beauty,Apple,3124.37,4,0.36,UPI,Desktop,12497.48,4499.0928,7998.3872
266,18,Male,Hyderabad,02-03-2023,Beauty,Samsung,864.31,1,0.41,COD,Mobile,864.31,354.3671,509.9429
267,29,Female,Pune,10-03-2023,Sports,Nike,2444.63,4,0.13,Card,Laptop,9778.52,1271.2076,8507.3124
268,22,Female,Delhi,09-08-2023,Electronics,Adidas,3924.72,2,0.39,Card,Tablet,7849.44,3061.2816,4788.1584
269,54,Female,Hyderabad,12-03-2023,Home,Sony,1587.76,1,0.19,Card,Smartwatch,1587.76,301.6744,1286.0856
270,49,Female,Hyderabad,15-01-2023,Beauty,LG,1627.28,2,0.25,UPI,Desktop,3254.56,813.64,2440.92
271,26,Male,Delhi,19-10-2023,Electronics,Dell,115.39,4,0.43,Card,Mobile,461.56,198.4708,263.0892
272,58,Male,Hyderabad,23-02-2023,Beauty,HP,953.79,3,0.37,COD,Laptop,2861.37,1058.7069,1802.6631
273,52,Male,Pune,25-02-2023,Home,Apple,4389.49,2,0.4,UPI,Tablet,8778.98,3511.592,5267.388
274,36,Male,Pune,08-10-2023,Beauty,Samsung,2264.56,4,0.07,UPI,Smartwatch,9058.24,634.0768,8424.1632
275,33,Female,Delhi,31-07-2023,Sports,Nike,4922.75,2,0.03,UPI,Desktop,9845.5,295.365,9550.135
276,20,Male,Bangalore,18-05-2023,Sports,Adidas,2038.97,4,0.45,UPI,Mobile,8155.88,3670.146,4485.734
277,37,Male,Mumbai,30-07-2023,Beauty,Sony,3604.41,4,0.19,COD,Laptop,14417.64,2739.3516,11678.2884
278,41,Female,Bangalore,17-02-2023,Electronics,LG,1481.4,4,0.14,Card,Tablet,5925.6,829.584,5096.016
279,50,Female,Hyderabad,30-08-2023,Electronics,Dell,1882.67,3,0.36,COD,Smartwatch,5648.01,2033.2836,3614.7264
280,41,Female,Mumbai,13-02-2023,Electronics,HP,1034.56,2,0.42,Card,Desktop,2069.12,869.0304,1200.0896
281,28,Female,Delhi,30-03-2023,Beauty,Apple,1800.61,1,0.43,COD,Mobile,1800.61,774.2623,1026.3477
282,25,Male,Delhi,02-05-2023,Electronics,Samsung,2781.46,1,0.16,UPI,Laptop,2781.46,445.0336,2336.4264
283,53,Male,Mumbai,20-08-2023,Home,Nike,4959.69,1,0.43,UPI,Tablet,4959.69,2132.6667,2827.0233
284,55,Female,Pune,24-01-2023,Sports,Adidas,3354.59,1,0.02,COD,Smartwatch,3354.59,67.0918,3287.4982
285,57,Male,Mumbai,28-04-2023,Home,Sony,1076.31,4,0.02,COD,Desktop,4305.24,86.1048,4219.1352
286,37,Male,Hyderabad,18-02-2023,Electronics,LG,320.31,2,0.31,Card,Mobile,640.62,198.5922,442.0278
287,52,Male,Pune,01-02-2023,Home,Dell,719.15,2,0.03,COD,Laptop,1438.3,43.149,1395.151
288,42,Female,Delhi,13-01-2023,Electronics,HP,2856.52,3,0.16,COD,Tablet,8569.56,1371.1296,7198.4304
289,52,Male,Mumbai,08-08-2023,Beauty,Apple,3849.29,2,0.34,Card,Smartwatch,7698.58,2617.5172,5081.0628
290,42,Female,Bangalore,29-04-2023,Home,Samsung,4708.05,2,0.17,Card,Desktop,9416.1,1600.737,7815.363
291,46,Male,Bangalore,16-05-2023,Beauty,Nike,177.53,2,0.09,Card,Mobile,355.06,31.9554,323.1046
292,35,Male,Hyderabad,17-11-2023,Beauty,Adidas,2661.52,3,0.14,COD,Laptop,7984.56,1117.8384,6866.7216
293,63,Male,Bangalore,22-09-2023,Clothing,Sony,2407.25,1,0.23,Card,Tablet,2407.25,553.6675,1853.5825
294,35,Female,Mumbai,21-10-2023,Electronics,LG,3314.67,2,0.24,UPI,Smartwatch,6629.34,1591.0416,5038.2984
295,19,Male,Mumbai,30-06-2023,Sports,Dell,2841.94,3,0.39,UPI,Desktop,8525.82,3325.0698,5200.7502
296,52,Female,Bangalore,20-09-2023,Electronics,HP,3466.49,3,0.38,UPI,Mobile,10399.47,3951.7986,6447.6714
297,33,Female,Mumbai,25-04-2023,Sports,Apple,3324.6,4,0.23,COD,Laptop,13298.4,3058.632,10239.768
298,58,Female,Hyderabad,29-06-2023,Electronics,Samsung,673.36,3,0.42,UPI,Tablet,2020.08,848.4336,1171.6464
299,53,Male,Pune,26-07-2023,Beauty,Nike,4018.62,1,0.06,COD,Smartwatch,4018.62,241.1172,3777.5028
300,50,Male,Hyderabad,14-09-2023,Home,Adidas,703.84,2,0.13,COD,Desktop,1407.68,182.9984,1224.6816
301,21,Male,Hyderabad,30-09-2023,Home,Sony,3522.8,3,0.41,UPI,Mobile,10568.4,4333.044,6235.356
302,50,Male,Mumbai,08-08-2023,Clothing,LG,2139.11,1,0.19,Card,Laptop,2139.11,406.4309,1732.6791
303,31,Female,Pune,23-08-2023,Sports,Dell,2617.87,3,0.49,COD,Tablet,7853.61,3848.2689,4005.3411
304,38,Female,Mumbai,22-05-2023,Sports,HP,4526.16,3,0.23,UPI,Smartwatch,13578.48,3123.0504,10455.4296
305,37,Female,Delhi,18-10-2023,Sports,Apple,4460.43,3,0.4,COD,Desktop,13381.29,5352.516,8028.774
306,25,Male,Mumbai,18-05-2023,Beauty,Samsung,4107.5,3,0.2,Card,Mobile,12322.5,2464.5,9858
307,24,Female,Mumbai,09-04-2023,Sports,Nike,2599.73,3,0.21,Card,Laptop,7799.19,1637.8299,6161.3601
308,20,Male,Mumbai,11-06-2023,Home,Adidas,3707.58,1,0.19,UPI,Tablet,3707.58,704.4402,3003.1398
309,34,Female,Pune,16-02-2023,Beauty,Sony,2613.2,2,0.36,COD,Smartwatch,5226.4,1881.504,3344.896
310,50,Male,Mumbai,10-06-2023,Electronics,LG,4361.07,2,0.27,COD,Desktop,8722.14,2354.9778,6367.1622
311,29,Male,Pune,18-10-2023,Sports,Dell,2073.6,2,0.47,COD,Mobile,4147.2,1949.184,2198.016
312,39,Female,Bangalore,25-05-2023,Sports,HP,4854.15,2,0.13,COD,Laptop,9708.3,1262.079,8446.221
313,39,Female,Delhi,08-10-2023,Electronics,Apple,4668.38,1,0.05,UPI,Tablet,4668.38,233.419,4434.961
314,63,Female,Pune,08-03-2023,Sports,Samsung,3733.85,4,0.2,Card,Smartwatch,14935.4,2987.08,11948.32
315,47,Female,Bangalore,03-10-2023,Electronics,Nike,1469.14,4,0.31,UPI,Desktop,5876.56,1821.7336,4054.8264
316,55,Male,Pune,06-08-2023,Beauty,Adidas,745.1,1,0.43,COD,Mobile,745.1,320.393,424.707
317,55,Female,Pune,10-08-2023,Home,Sony,4288.05,1,0.17,COD,Laptop,4288.05,728.9685,3559.0815
318,62,Female,Delhi,22-02-2023,Electronics,LG,909.98,3,0.33,Card,Tablet,2729.94,900.8802,1829.0598
319,25,Female,Hyderabad,10-07-2023,Clothing,Dell,4285.88,3,0.18,COD,Smartwatch,12857.64,2314.3752,10543.2648
320,44,Male,Hyderabad,02-03-2023,Electronics,HP,2504.75,3,0.31,UPI,Desktop,7514.25,2329.4175,5184.8325
321,44,Male,Pune,19-09-2023,Sports,Apple,2092.13,2,0.44,UPI,Mobile,4184.26,1841.0744,2343.1856
322,51,Female,Mumbai,13-08-2023,Beauty,Samsung,4525.63,3,0.12,Card,Laptop,13576.89,1629.2268,11947.6632
323,38,Male,Bangalore,24-01-2023,Beauty,Nike,3058.87,4,0.2,UPI,Tablet,12235.48,2447.096,9788.384
324,47,Female,Mumbai,11-07-2023,Electronics,Adidas,2925.41,2,0.5,UPI,Smartwatch,5850.82,2925.41,2925.41
325,50,Male,Mumbai,10-02-2023,Home,Sony,2837.95,3,0.43,UPI,Desktop,8513.85,3660.9555,4852.8945
326,45,Male,Pune,24-01-2023,Clothing,LG,1918.73,2,0.28,UPI,Mobile,3837.46,1074.4888,2762.9712
327,64,Male,Pune,14-12-2023,Beauty,Dell,3949.65,4,0.26,COD,Laptop,15798.6,4107.636,11690.964
328,50,Male,Pune,03-02-2023,Sports,HP,1338.71,3,0.14,UPI,Tablet,4016.13,562.2582,3453.8718
329,22,Female,Pune,24-06-2023,Sports,Apple,4700.59,4,0.26,Card,Smartwatch,18802.36,4888.6136,13913.7464
330,36,Female,Hyderabad,07-12-2023,Home,Samsung,4480.53,4,0.42,Card,Desktop,17922.12,7527.2904,10394.8296
331,21,Female,Pune,23-07-2023,Beauty,Nike,1753.65,4,0.34,UPI,Mobile,7014.6,2384.964,4629.636
332,52,Male,Hyderabad,24-05-2023,Electronics,Adidas,3674.37,3,0.15,Card,Laptop,11023.11,1653.4665,9369.6435
333,34,Female,Hyderabad,30-06-2023,Sports,Sony,2908.79,1,0.1,UPI,Tablet,2908.79,290.879,2617.911
334,61,Female,Pune,12-04-2023,Home,LG,1754.48,3,0.13,Card,Smartwatch,5263.44,684.2472,4579.1928
335,45,Female,Delhi,01-02-2023,Beauty,Dell,4943.76,4,0.08,Card,Desktop,19775.04,1582.0032,18193.0368
336,47,Male,Bangalore,20-04-2023,Beauty,HP,223.66,3,0.05,UPI,Mobile,670.98,33.549,637.431
337,46,Male,Mumbai,08-08-2023,Beauty,Apple,1337.97,4,0.21,UPI,Laptop,5351.88,1123.8948,4227.9852
338,63,Male,Hyderabad,21-08-2023,Beauty,Samsung,2648.36,1,0.06,COD,Tablet,2648.36,158.9016,2489.4584
339,23,Female,Bangalore,05-09-2023,Beauty,Nike,2657.57,2,0.09,UPI,Smartwatch,5315.14,478.3626,4836.7774
340,52,Female,Delhi,24-12-2023,Sports,Adidas,2985.77,1,0.27,UPI,Desktop,2985.77,806.1579,2179.6121
341,58,Female,Mumbai,08-07-2023,Home,Sony,3783.21,1,0.08,COD,Mobile,3783.21,302.6568,3480.5532
342,54,Male,Mumbai,15-10-2023,Beauty,LG,3155.04,2,0.03,UPI,Laptop,6310.08,189.3024,6120.7776
343,41,Male,Hyderabad,21-10-2023,Clothing,Dell,3041.38,3,0.16,UPI,Tablet,9124.14,1459.8624,7664.2776
344,46,Female,Pune,07-07-2023,Clothing,HP,362.22,2,0.11,COD,Smartwatch,724.44,79.6884,644.7516
345,63,Male,Delhi,21-04-2023,Home,Apple,1945,3,0.26,UPI,Desktop,5835,1517.1,4317.9
346,48,Male,Hyderabad,31-07-2023,Electronics,Samsung,1237.07,3,0.05,UPI,Mobile,3711.21,185.5605,3525.6495
347,52,Male,Delhi,15-04-2023,Electronics,Nike,1400.31,4,0.38,COD,Laptop,5601.24,2128.4712,3472.7688
348,50,Male,Pune,11-09-2023,Electronics,Adidas,2816.25,4,0.45,COD,Tablet,11265,5069.25,6195.75
349,38,Female,Pune,05-07-2023,Clothing,Sony,1077.58,2,0.37,Card,Smartwatch,2155.16,797.4092,1357.7508
350,49,Male,Hyderabad,19-05-2023,Electronics,LG,1540.35,1,0.27,UPI,Desktop,1540.35,415.8945,1124.4555
351,40,Male,Pune,05-10-2023,Sports,Dell,1261.72,2,0.43,Card,Mobile,2523.44,1085.0792,1438.3608
352,50,Male,Bangalore,10-02-2023,Beauty,HP,4747.66,3,0.35,Card,Laptop,14242.98,4985.043,9257.937
353,20,Male,Mumbai,16-08-2023,Clothing,Apple,4728.86,4,0.01,COD,Tablet,18915.44,189.1544,18726.2856
354,35,Female,Hyderabad,01-05-2023,Home,Samsung,3088.71,2,0.2,UPI,Smartwatch,6177.42,1235.484,4941.936
355,42,Female,Delhi,14-01-2023,Home,Nike,4630.16,2,0.43,UPI,Desktop,9260.32,3981.9376,5278.3824
356,59,Male,Bangalore,08-12-2023,Beauty,Adidas,3950.48,4,0.17,COD,Mobile,15801.92,2686.3264,13115.5936
357,48,Male,Hyderabad,26-06-2023,Clothing,Sony,2990.74,4,0.02,Card,Laptop,11962.96,239.2592,11723.7008
358,20,Male,Pune,09-06-2023,Electronics,LG,131.53,4,0.37,COD,Tablet,526.12,194.6644,331.4556
359,57,Male,Pune,30-04-2023,Electronics,Dell,3885.33,3,0.4,UPI,Smartwatch,11655.99,4662.396,6993.594
360,63,Male,Pune,07-05-2023,Sports,HP,3542.19,4,0.08,COD,Desktop,14168.76,1133.5008,13035.2592
361,41,Male,Pune,05-10-2023,Sports,Apple,3114.74,1,0.27,UPI,Mobile,3114.74,840.9798,2273.7602
362,49,Female,Delhi,29-07-2023,Electronics,Samsung,3826.08,2,0.1,Card,Laptop,7652.16,765.216,6886.944
363,64,Male,Bangalore,29-05-2023,Home,Nike,2613.32,4,0.36,UPI,Tablet,10453.28,3763.1808,6690.0992
364,39,Female,Mumbai,25-09-2023,Home,Adidas,3550.01,4,0.14,Card,Smartwatch,14200.04,1988.0056,12212.0344
365,40,Female,Delhi,13-10-2023,Sports,Sony,4682.34,3,0.16,Card,Desktop,14047.02,2247.5232,11799.4968
366,19,Male,Delhi,19-12-2023,Beauty,LG,1941.44,3,0.42,UPI,Mobile,5824.32,2446.2144,3378.1056
367,44,Female,Mumbai,14-10-2023,Electronics,Dell,3569.8,2,0.24,UPI,Laptop,7139.6,1713.504,5426.096
368,59,Female,Mumbai,11-10-2023,Sports,HP,2430.87,1,0.33,Card,Tablet,2430.87,802.1871,1628.6829
369,19,Female,Pune,30-08-2023,Sports,Apple,3404.56,2,0.2,COD,Smartwatch,6809.12,1361.824,5447.296
370,43,Female,Delhi,12-08-2023,Electronics,Samsung,3838.18,4,0.15,UPI,Desktop,15352.72,2302.908,13049.812
371,34,Female,Hyderabad,13-06-2023,Electronics,Nike,322.72,1,0.31,Card,Mobile,322.72,100.0432,222.6768
372,57,Female,Mumbai,27-05-2023,Home,Adidas,3268.34,1,0.08,Card,Laptop,3268.34,261.4672,3006.8728
373,50,Male,Mumbai,05-11-2023,Beauty,Sony,1211.03,1,0.19,COD,Tablet,1211.03,230.0957,980.9343
374,26,Female,Bangalore,22-06-2023,Beauty,LG,3383.16,1,0.1,UPI,Smartwatch,3383.16,338.316,3044.844
375,60,Female,Hyderabad,30-06-2023,Electronics,Dell,2394.82,2,0.35,Card,Desktop,4789.64,1676.374,3113.266
376,56,Female,Hyderabad,26-10-2023,Clothing,HP,3890.41,3,0.47,COD,Mobile,11671.23,5485.4781,6185.7519
377,46,Male,Mumbai,17-01-2023,Sports,Apple,704.66,3,0.5,Card,Laptop,2113.98,1056.99,1056.99
378,59,Female,Pune,10-12-2023,Sports,Samsung,3168.98,4,0.23,UPI,Tablet,12675.92,2915.4616,9760.4584
379,43,Male,Bangalore,05-09-2023,Electronics,Nike,1464.51,3,0.13,COD,Smartwatch,4393.53,571.1589,3822.3711
380,52,Female,Hyderabad,18-02-2023,Clothing,Adidas,4279.61,3,0.22,Card,Desktop,12838.83,2824.5426,10014.2874
381,42,Male,Mumbai,03-09-2023,Home,Sony,4649.08,3,0.42,COD,Mobile,13947.24,5857.8408,8089.3992
382,41,Male,Hyderabad,22-03-2023,Electronics,LG,4982.35,3,0.1,UPI,Laptop,14947.05,1494.705,13452.345
383,30,Female,Bangalore,07-05-2023,Electronics,Dell,4000.44,4,0.48,COD,Tablet,16001.76,7680.8448,8320.9152
384,24,Female,Bangalore,28-07-2023,Sports,HP,3793.3,2,0.17,UPI,Smartwatch,7586.6,1289.722,6296.878
385,53,Male,Delhi,04-09-2023,Electronics,Apple,1155.95,1,0.49,Card,Desktop,1155.95,566.4155,589.5345
386,62,Female,Mumbai,01-08-2023,Electronics,Samsung,1746.43,3,0.42,UPI,Mobile,5239.29,2200.5018,3038.7882
387,37,Male,Bangalore,08-09-2023,Electronics,Nike,2381.84,2,0.4,Card,Laptop,4763.68,1905.472,2858.208
388,18,Male,Delhi,25-08-2023,Sports,Adidas,3889.57,3,0.16,Card,Tablet,11668.71,1866.9936,9801.7164
389,25,Male,Delhi,29-09-2023,Home,Sony,4583.33,3,0,UPI,Smartwatch,13749.99,0,13749.99
390,63,Male,Hyderabad,29-12-2023,Home,LG,1026.78,1,0.19,Card,Desktop,1026.78,195.0882,831.6918
391,33,Male,Hyderabad,23-01-2023,Electronics,Dell,4619.6,1,0.15,COD,Mobile,4619.6,692.94,3926.66
392,31,Female,Delhi,12-03-2023,Sports,HP,3508.56,1,0.02,Card,Laptop,3508.56,70.1712,3438.3888
393,29,Male,Hyderabad,27-09-2023,Home,Apple,3092.78,3,0.25,UPI,Tablet,9278.34,2319.585,6958.755
394,40,Male,Bangalore,15-05-2023,Home,Samsung,1079.22,3,0.2,COD,Smartwatch,3237.66,647.532,2590.128
395,32,Female,Pune,22-04-2023,Home,Nike,372.07,3,0.32,COD,Desktop,1116.21,357.1872,759.0228
396,45,Male,Bangalore,04-10-2023,Sports,Adidas,2885.48,1,0.31,Card,Mobile,2885.48,894.4988,1990.9812
397,51,Female,Delhi,18-11-2023,Sports,Sony,3292.43,4,0.06,Card,Laptop,13169.72,790.1832,12379.5368
398,19,Female,Delhi,17-01-2023,Electronics,LG,1132.83,2,0.49,UPI,Tablet,2265.66,1110.1734,1155.4866
399,49,Female,Bangalore,28-03-2023,Beauty,Dell,2826.64,4,0.09,COD,Smartwatch,11306.56,1017.5904,10288.9696
400,40,Male,Hyderabad,19-03-2023,Home,HP,4296.82,3,0.22,UPI,Desktop,12890.46,2835.9012,10054.5588
401,39,Male,Hyderabad,05-12-2023,Beauty,Apple,4191.82,3,0.24,Card,Mobile,12575.46,3018.1104,9557.3496
402,42,Male,Delhi,26-02-2023,Sports,Samsung,4644.04,4,0.41,COD,Laptop,18576.16,7616.2256,10959.9344
403,39,Female,Mumbai,07-10-2023,Sports,Nike,1892.84,3,0.05,UPI,Tablet,5678.52,283.926,5394.594
404,39,Male,Hyderabad,12-03-2023,Sports,Adidas,1658.44,2,0.21,UPI,Smartwatch,3316.88,696.5448,2620.3352
405,59,Female,Bangalore,25-11-2023,Beauty,Sony,3772.19,3,0.31,UPI,Desktop,11316.57,3508.1367,7808.4333
406,23,Male,Hyderabad,17-01-2023,Sports,LG,2212.45,2,0.11,UPI,Mobile,4424.9,486.739,3938.161
407,32,Female,Bangalore,10-06-2023,Electronics,Dell,528.99,4,0.31,UPI,Laptop,2115.96,655.9476,1460.0124
408,60,Male,Delhi,18-02-2023,Sports,HP,1485.73,4,0.46,COD,Tablet,5942.92,2733.7432,3209.1768
409,54,Male,Hyderabad,17-06-2023,Clothing,Apple,2151.05,3,0.5,UPI,Smartwatch,6453.15,3226.575,3226.575
410,50,Male,Bangalore,15-09-2023,Beauty,Samsung,1533.33,2,0.02,COD,Desktop,3066.66,61.3332,3005.3268
411,25,Female,Delhi,11-05-2023,Clothing,Nike,1727.81,3,0.12,UPI,Mobile,5183.43,622.0116,4561.4184
412,61,Female,Mumbai,11-10-2023,Sports,Adidas,1539.5,1,0.16,Card,Laptop,1539.5,246.32,1293.18
413,61,Male,Bangalore,07-09-2023,Electronics,Sony,303.35,1,0.2,Card,Tablet,303.35,60.67,242.68
414,22,Male,Mumbai,23-01-2023,Home,LG,3221.76,1,0.12,UPI,Smartwatch,3221.76,386.6112,2835.1488
415,56,Female,Mumbai,02-07-2023,Sports,Dell,3026.73,1,0.1,Card,Desktop,3026.73,302.673,2724.057
416,21,Female,Pune,07-04-2023,Electronics,HP,3301.58,3,0.48,COD,Mobile,9904.74,4754.2752,5150.4648
417,23,Female,Hyderabad,20-01-2023,Beauty,Apple,1042.32,1,0.46,UPI,Laptop,1042.32,479.4672,562.8528
418,62,Male,Bangalore,14-01-2023,Clothing,Samsung,1548.71,2,0.02,COD,Tablet,3097.42,61.9484,3035.4716
419,49,Female,Mumbai,30-04-2023,Clothing,Nike,3136.12,4,0.17,UPI,Smartwatch,12544.48,2132.5616,10411.9184
420,47,Male,Pune,23-06-2023,Clothing,Adidas,3038.18,4,0.2,Card,Desktop,12152.72,2430.544,9722.176
421,64,Female,Delhi,03-05-2023,Beauty,Sony,2581.02,1,0.12,COD,Mobile,2581.02,309.7224,2271.2976
422,52,Male,Bangalore,03-11-2023,Electronics,LG,1817.02,1,0.31,Card,Laptop,1817.02,563.2762,1253.7438
423,57,Female,Mumbai,10-04-2023,Beauty,Dell,4573.36,1,0.32,Card,Tablet,4573.36,1463.4752,3109.8848
424,33,Female,Hyderabad,19-02-2023,Clothing,HP,1764.87,3,0.43,UPI,Smartwatch,5294.61,2276.6823,3017.9277
425,30,Female,Pune,26-09-2023,Sports,Apple,2332.53,4,0.37,COD,Desktop,9330.12,3452.1444,5877.9756
426,59,Female,Mumbai,27-12-2023,Home,Samsung,3422.76,1,0.27,Card,Mobile,3422.76,924.1452,2498.6148
427,47,Female,Hyderabad,14-08-2023,Beauty,Nike,2760.81,2,0.33,UPI,Laptop,5521.62,1822.1346,3699.4854
428,36,Male,Mumbai,12-06-2023,Beauty,Adidas,1799.74,1,0.14,UPI,Tablet,1799.74,251.9636,1547.7764
429,34,Female,Bangalore,27-02-2023,Electronics,Sony,2234.66,4,0.3,UPI,Smartwatch,8938.64,2681.592,6257.048
430,36,Female,Bangalore,10-04-2023,Electronics,LG,3992.96,1,0.24,Card,Desktop,3992.96,958.3104,3034.6496
431,45,Female,Bangalore,10-05-2023,Beauty,Dell,1462.83,4,0.07,UPI,Mobile,5851.32,409.5924,5441.7276
432,43,Male,Pune,07-03-2023,Clothing,HP,797.05,1,0.12,COD,Laptop,797.05,95.646,701.404
433,54,Female,Bangalore,17-04-2023,Home,Apple,1634.5,2,0.15,COD,Tablet,3269,490.35,2778.65
434,43,Male,Hyderabad,21-01-2023,Electronics,Samsung,4262.72,1,0.46,Card,Smartwatch,4262.72,1960.8512,2301.8688
435,40,Female,Mumbai,20-12-2023,Clothing,Nike,536.05,2,0.12,COD,Desktop,1072.1,128.652,943.448
436,26,Female,Delhi,07-04-2023,Sports,Adidas,4959.31,2,0.14,UPI,Mobile,9918.62,1388.6068,8530.0132
437,29,Male,Hyderabad,16-06-2023,Electronics,Sony,2750.91,1,0.18,Card,Laptop,2750.91,495.1638,2255.7462
438,18,Female,Hyderabad,13-06-2023,Clothing,LG,4925.74,2,0.33,UPI,Tablet,9851.48,3250.9884,6600.4916
439,18,Male,Bangalore,16-03-2023,Clothing,Dell,4701.08,3,0.06,Card,Smartwatch,14103.24,846.1944,13257.0456
440,64,Male,Pune,03-10-2023,Home,HP,2318.79,1,0.48,Card,Desktop,2318.79,1113.0192,1205.7708
441,51,Female,Mumbai,17-03-2023,Home,Apple,1072.61,1,0.43,UPI,Mobile,1072.61,461.2223,611.3877
442,49,Male,Pune,05-11-2023,Sports,Samsung,907.94,2,0.29,COD,Laptop,1815.88,526.6052,1289.2748
443,42,Female,Mumbai,27-01-2023,Clothing,Nike,1275.95,2,0.34,COD,Tablet,2551.9,867.646,1684.254
444,57,Female,Mumbai,28-12-2023,Clothing,Adidas,3579.65,1,0.01,Card,Smartwatch,3579.65,35.7965,3543.8535
445,62,Male,Pune,06-11-2023,Home,Sony,1437.45,3,0.17,UPI,Desktop,4312.35,733.0995,3579.2505
446,18,Male,Hyderabad,01-03-2023,Electronics,LG,1772.98,2,0.4,UPI,Mobile,3545.96,1418.384,2127.576
447,33,Male,Mumbai,28-12-2023,Electronics,Dell,2299.02,2,0.04,Card,Laptop,4598.04,183.9216,4414.1184
448,56,Male,Pune,12-11-2023,Beauty,HP,4574.84,4,0.14,COD,Tablet,18299.36,2561.9104,15737.4496
449,22,Female,Mumbai,27-03-2023,Home,Apple,1028.03,3,0.29,UPI,Smartwatch,3084.09,894.3861,2189.7039
450,39,Female,Delhi,19-02-2023,Beauty,Samsung,124.63,3,0.13,COD,Desktop,373.89,48.6057,325.2843
451,46,Male,Hyderabad,09-06-2023,Home,Nike,394.47,1,0.47,COD,Mobile,394.47,185.4009,209.0691
452,20,Female,Bangalore,16-04-2023,Sports,Adidas,4533.36,3,0.07,Card,Laptop,13600.08,952.0056,12648.0744
453,29,Female,Mumbai,28-12-2023,Clothing,Sony,3272.83,1,0.4,Card,Tablet,3272.83,1309.132,1963.698
454,43,Female,Delhi,25-06-2023,Sports,LG,1437.9,4,0.25,COD,Smartwatch,5751.6,1437.9,4313.7
455,33,Female,Bangalore,18-08-2023,Home,Dell,968.24,3,0.38,UPI,Desktop,2904.72,1103.7936,1800.9264
456,54,Male,Bangalore,20-11-2023,Clothing,HP,1541.91,2,0.16,UPI,Mobile,3083.82,493.4112,2590.4088
457,39,Male,Mumbai,06-03-2023,Electronics,Apple,662.5,4,0.26,Card,Laptop,2650,689,1961
458,46,Female,Pune,24-03-2023,Electronics,Samsung,4713.51,1,0.43,COD,Tablet,4713.51,2026.8093,2686.7007
459,31,Male,Mumbai,02-11-2023,Beauty,Nike,3942.61,4,0.23,UPI,Smartwatch,15770.44,3627.2012,12143.2388
460,45,Male,Delhi,31-10-2023,Home,Adidas,2365.72,1,0.18,UPI,Desktop,2365.72,425.8296,1939.8904
461,22,Male,Bangalore,21-06-2023,Home,Sony,4338.32,4,0.27,Card,Mobile,17353.28,4685.3856,12667.8944
462,64,Female,Mumbai,12-10-2023,Electronics,LG,1322.35,1,0.36,COD,Laptop,1322.35,476.046,846.304
463,47,Female,Pune,29-06-2023,Sports,Dell,3613.89,3,0.22,UPI,Tablet,10841.67,2385.1674,8456.5026
464,63,Female,Mumbai,02-10-2023,Clothing,HP,4295.05,2,0.47,Card,Smartwatch,8590.1,4037.347,4552.753
465,22,Male,Hyderabad,29-09-2023,Sports,Apple,1848.17,1,0.15,UPI,Desktop,1848.17,277.2255,1570.9445
466,29,Female,Pune,23-07-2023,Sports,Samsung,3811.58,4,0.24,UPI,Mobile,15246.32,3659.1168,11587.2032
467,33,Female,Delhi,12-06-2023,Electronics,Nike,1545.85,1,0.38,UPI,Laptop,1545.85,587.423,958.427
468,43,Male,Bangalore,24-01-2023,Electronics,Adidas,1564.4,1,0.34,Card,Tablet,1564.4,531.896,1032.504
469,43,Female,Mumbai,18-01-2023,Electronics,Sony,624.58,1,0.43,COD,Smartwatch,624.58,268.5694,356.0106
470,38,Female,Pune,04-01-2023,Beauty,LG,2256.28,4,0.5,Card,Desktop,9025.12,4512.56,4512.56
471,56,Male,Hyderabad,16-04-2023,Sports,Dell,3675.59,2,0.21,COD,Mobile,7351.18,1543.7478,5807.4322
472,53,Male,Pune,20-07-2023,Home,HP,4707.08,3,0.06,UPI,Laptop,14121.24,847.2744,13273.9656
473,50,Male,Hyderabad,26-07-2023,Clothing,Apple,3058.61,2,0.02,COD,Tablet,6117.22,122.3444,5994.8756
474,47,Female,Delhi,31-05-2023,Beauty,Samsung,4329.36,1,0.36,UPI,Smartwatch,4329.36,1558.5696,2770.7904
475,54,Female,Bangalore,26-02-2023,Home,Nike,4130.22,4,0.44,UPI,Desktop,16520.88,7269.1872,9251.6928
476,40,Female,Delhi,19-11-2023,Sports,Adidas,949.38,2,0.11,Card,Mobile,1898.76,208.8636,1689.8964
477,27,Male,Mumbai,15-07-2023,Electronics,Sony,2480.51,1,0.08,UPI,Laptop,2480.51,198.4408,2282.0692
478,22,Male,Pune,03-08-2023,Sports,LG,672.93,3,0.03,Card,Tablet,2018.79,60.5637,1958.2263
479,53,Female,Hyderabad,06-11-2023,Clothing,Dell,3442.55,3,0.41,COD,Smartwatch,10327.65,4234.3365,6093.3135
480,51,Female,Hyderabad,07-03-2023,Beauty,HP,4754.51,3,0.16,COD,Desktop,14263.53,2282.1648,11981.3652
481,48,Male,Pune,26-02-2023,Beauty,Apple,771.74,1,0.2,UPI,Mobile,771.74,154.348,617.392
482,27,Male,Pune,18-07-2023,Clothing,Samsung,3696.03,4,0.25,Card,Laptop,14784.12,3696.03,11088.09
483,36,Male,Mumbai,19-02-2023,Home,Nike,3197.97,2,0.42,UPI,Tablet,6395.94,2686.2948,3709.6452
484,49,Male,Delhi,29-09-2023,Home,Adidas,2959.66,3,0.33,Card,Smartwatch,8878.98,2930.0634,5948.9166
485,18,Female,Hyderabad,31-07-2023,Beauty,Sony,2011.59,1,0.31,Card,Desktop,2011.59,623.5929,1387.9971
486,22,Male,Mumbai,29-03-2023,Beauty,LG,1840.15,1,0.09,Card,Mobile,1840.15,165.6135,1674.5365
487,62,Female,Delhi,01-05-2023,Electronics,Dell,321.72,2,0.26,COD,Laptop,643.44,167.2944,476.1456
488,21,Female,Mumbai,27-01-2023,Home,HP,1167.75,3,0.36,Card,Tablet,3503.25,1261.17,2242.08
489,33,Female,Hyderabad,29-06-2023,Clothing,Apple,174.37,1,0.49,COD,Smartwatch,174.37,85.4413,88.9287
490,41,Male,Pune,11-03-2023,Home,Samsung,2948.94,2,0.1,Card,Desktop,5897.88,589.788,5308.092
491,33,Male,Pune,24-01-2023,Electronics,Nike,618.68,4,0,COD,Mobile,2474.72,0,2474.72
492,19,Male,Delhi,17-08-2023,Beauty,Adidas,4377.8,4,0.04,COD,Laptop,17511.2,700.448,16810.752
493,45,Male,Bangalore,02-07-2023,Beauty,Sony,2663.4,4,0.19,COD,Tablet,10653.6,2024.184,8629.416
494,49,Female,Delhi,19-07-2023,Electronics,LG,3528.48,3,0.41,UPI,Smartwatch,10585.44,4340.0304,6245.4096
495,44,Male,Bangalore,05-06-2023,Clothing,Dell,2113.2,2,0,Card,Desktop,4226.4,0,4226.4
496,37,Male,Mumbai,23-09-2023,Beauty,HP,2846.84,2,0.23,UPI,Mobile,5693.68,1309.5464,4384.1336
497,41,Female,Mumbai,08-03-2023,Sports,Apple,4719.03,1,0.16,Card,Laptop,4719.03,755.0448,3963.9852
498,29,Male,Hyderabad,05-11-2023,Beauty,Samsung,505.4,1,0.03,Card,Tablet,505.4,15.162,490.238
499,52,Female,Bangalore,14-06-2023,Sports,Nike,1344.3,1,0.23,UPI,Smartwatch,1344.3,309.189,1035.111
500,50,Female,Hyderabad,13-10-2023,Electronics,Adidas,3921.94,2,0.13,COD,Desktop,7843.88,1019.7044,6824.1756
501,50,Female,Pune,16-04-2023,Electronics,Sony,583.81,1,0.18,Card,Mobile,583.81,105.0858,478.7242
502,60,Female,Bangalore,13-04-2023,Beauty,LG,470.74,2,0.35,COD,Laptop,941.48,329.518,611.962
503,54,Female,Delhi,23-09-2023,Home,Dell,1871.55,2,0.26,UPI,Tablet,3743.1,973.206,2769.894
504,29,Female,Pune,06-02-2023,Sports,HP,551.62,4,0.06,COD,Smartwatch,2206.48,132.3888,2074.0912
505,20,Female,Pune,13-10-2023,Clothing,Apple,2966.88,1,0.48,Card,Desktop,2966.88,1424.1024,1542.7776
506,18,Female,Delhi,06-02-2023,Beauty,Samsung,1208.75,4,0.32,Card,Mobile,4835,1547.2,3287.8
507,50,Male,Pune,20-06-2023,Clothing,Nike,4488.92,3,0.38,Card,Laptop,13466.76,5117.3688,8349.3912
508,57,Male,Bangalore,26-08-2023,Beauty,Adidas,3939.15,3,0.04,UPI,Tablet,11817.45,472.698,11344.752
509,27,Male,Hyderabad,04-12-2023,Home,Sony,3528.56,3,0.02,Card,Smartwatch,10585.68,211.7136,10373.9664
510,60,Male,Pune,06-04-2023,Home,LG,3123.03,2,0.01,UPI,Desktop,6246.06,62.4606,6183.5994
511,61,Female,Bangalore,10-07-2023,Home,Dell,4330.98,2,0.09,COD,Mobile,8661.96,779.5764,7882.3836
512,46,Male,Mumbai,28-10-2023,Home,HP,1193,2,0.21,Card,Laptop,2386,501.06,1884.94
513,30,Female,Bangalore,22-04-2023,Electronics,Apple,4378.23,1,0.47,Card,Tablet,4378.23,2057.7681,2320.4619
514,29,Male,Hyderabad,07-06-2023,Electronics,Samsung,3968.51,4,0.23,Card,Smartwatch,15874.04,3651.0292,12223.0108
515,48,Male,Bangalore,01-10-2023,Sports,Nike,3765.99,2,0.15,COD,Desktop,7531.98,1129.797,6402.183
516,63,Male,Delhi,25-05-2023,Clothing,Adidas,2850.15,4,0.28,Card,Mobile,11400.6,3192.168,8208.432
517,19,Female,Hyderabad,30-08-2023,Beauty,Sony,1306.6,4,0.06,UPI,Laptop,5226.4,313.584,4912.816
518,52,Male,Mumbai,11-09-2023,Beauty,LG,2175.38,4,0.3,COD,Tablet,8701.52,2610.456,6091.064
519,40,Female,Delhi,10-02-2023,Electronics,Dell,3988.5,1,0.28,COD,Smartwatch,3988.5,1116.78,2871.72
520,34,Female,Bangalore,09-03-2023,Beauty,HP,255.71,1,0.4,COD,Desktop,255.71,102.284,153.426
521,43,Male,Hyderabad,25-10-2023,Electronics,Apple,3932.05,3,0.49,COD,Mobile,11796.15,5780.1135,6016.0365
522,25,Male,Mumbai,15-08-2023,Sports,Samsung,1276.35,3,0.13,COD,Laptop,3829.05,497.7765,3331.2735
523,46,Male,Delhi,01-07-2023,Clothing,Nike,807.12,4,0.25,UPI,Tablet,3228.48,807.12,2421.36
524,43,Female,Mumbai,05-09-2023,Sports,Adidas,666.94,3,0.45,COD,Smartwatch,2000.82,900.369,1100.451
525,27,Male,Bangalore,17-06-2023,Home,Sony,233.53,4,0.39,Card,Desktop,934.12,364.3068,569.8132
526,43,Female,Mumbai,23-11-2023,Home,LG,2665.57,1,0.24,COD,Mobile,2665.57,639.7368,2025.8332
527,51,Female,Pune,21-09-2023,Home,Dell,1169.47,1,0.47,COD,Laptop,1169.47,549.6509,619.8191
528,58,Male,Delhi,21-10-2023,Sports,HP,4948.22,1,0.03,COD,Tablet,4948.22,148.4466,4799.7734
529,24,Male,Mumbai,06-12-2023,Beauty,Apple,2914.74,2,0.47,COD,Smartwatch,5829.48,2739.8556,3089.6244
530,21,Female,Bangalore,13-07-2023,Clothing,Samsung,775.64,4,0.03,COD,Desktop,3102.56,93.0768,3009.4832
531,62,Female,Bangalore,06-06-2023,Home,Nike,3474.94,1,0.27,UPI,Mobile,3474.94,938.2338,2536.7062
532,28,Female,Mumbai,04-09-2023,Home,Adidas,4498.94,4,0.45,UPI,Laptop,17995.76,8098.092,9897.668
533,46,Male,Bangalore,20-06-2023,Home,Sony,3751.38,3,0.13,COD,Tablet,11254.14,1463.0382,9791.1018
534,53,Female,Hyderabad,15-05-2023,Clothing,LG,474.56,3,0.24,UPI,Smartwatch,1423.68,341.6832,1081.9968
535,42,Male,Hyderabad,25-11-2023,Home,Dell,4489.83,1,0.16,Card,Desktop,4489.83,718.3728,3771.4572
536,38,Female,Hyderabad,31-03-2023,Clothing,HP,3990.25,4,0.48,COD,Mobile,15961,7661.28,8299.72
537,53,Female,Pune,22-07-2023,Home,Apple,875.69,1,0.41,Card,Laptop,875.69,359.0329,516.6571
538,27,Male,Mumbai,15-04-2023,Sports,Samsung,353.75,3,0.35,Card,Tablet,1061.25,371.4375,689.8125
539,54,Female,Pune,06-06-2023,Sports,Nike,2830.82,1,0.29,COD,Smartwatch,2830.82,820.9378,2009.8822
540,26,Male,Bangalore,22-08-2023,Clothing,Adidas,864.58,4,0.41,Card,Desktop,3458.32,1417.9112,2040.4088
541,41,Male,Pune,12-07-2023,Sports,Sony,4189.5,3,0.2,Card,Mobile,12568.5,2513.7,10054.8
542,52,Female,Bangalore,16-11-2023,Clothing,LG,1855.84,2,0.22,Card,Laptop,3711.68,816.5696,2895.1104
543,52,Male,Bangalore,31-05-2023,Sports,Dell,4573.17,3,0.37,COD,Tablet,13719.51,5076.2187,8643.2913
544,53,Male,Delhi,26-07-2023,Sports,HP,2871.87,2,0.18,COD,Smartwatch,5743.74,1033.8732,4709.8668
545,35,Female,Hyderabad,09-10-2023,Clothing,Apple,995.09,1,0.03,Card,Desktop,995.09,29.8527,965.2373
546,56,Male,Bangalore,05-06-2023,Beauty,Samsung,784.03,1,0.04,COD,Mobile,784.03,31.3612,752.6688
547,49,Male,Delhi,31-12-2023,Sports,Nike,2924.71,4,0.06,COD,Laptop,11698.84,701.9304,10996.9096
548,41,Male,Hyderabad,07-05-2023,Home,Adidas,3833.23,2,0.43,Card,Tablet,7666.46,3296.5778,4369.8822
549,40,Female,Bangalore,24-03-2023,Beauty,Sony,3929.38,1,0.24,COD,Smartwatch,3929.38,943.0512,2986.3288
550,49,Male,Bangalore,17-11-2023,Clothing,LG,1451.21,2,0.36,UPI,Desktop,2902.42,1044.8712,1857.5488
551,54,Female,Pune,09-10-2023,Beauty,Dell,1100.81,1,0.2,COD,Mobile,1100.81,220.162,880.648
552,29,Female,Pune,22-08-2023,Electronics,HP,182.11,3,0.13,UPI,Laptop,546.33,71.0229,475.3071
553,30,Male,Hyderabad,22-09-2023,Electronics,Apple,3428.08,1,0.17,Card,Tablet,3428.08,582.7736,2845.3064
554,40,Male,Bangalore,16-05-2023,Sports,Samsung,475.18,4,0.4,COD,Smartwatch,1900.72,760.288,1140.432
555,42,Male,Mumbai,30-03-2023,Sports,Nike,2161.73,3,0.31,Card,Desktop,6485.19,2010.4089,4474.7811
556,52,Female,Pune,08-11-2023,Home,Adidas,3048.24,4,0.47,Card,Mobile,12192.96,5730.6912,6462.2688
557,58,Male,Hyderabad,01-08-2023,Beauty,Sony,4691.83,3,0.34,Card,Laptop,14075.49,4785.6666,9289.8234
558,47,Male,Bangalore,09-12-2023,Electronics,LG,1627.83,2,0.29,Card,Tablet,3255.66,944.1414,2311.5186
559,34,Male,Bangalore,30-03-2023,Sports,Dell,1323.88,4,0.31,Card,Smartwatch,5295.52,1641.6112,3653.9088
560,37,Male,Mumbai,01-04-2023,Beauty,HP,3305.38,1,0.47,COD,Desktop,3305.38,1553.5286,1751.8514
561,42,Male,Hyderabad,01-06-2023,Sports,Apple,3134.27,2,0.39,UPI,Mobile,6268.54,2444.7306,3823.8094
562,39,Female,Bangalore,17-11-2023,Sports,Samsung,1727.34,1,0.01,COD,Laptop,1727.34,17.2734,1710.0666
563,30,Female,Pune,30-12-2023,Electronics,Nike,4647.7,3,0.27,COD,Tablet,13943.1,3764.637,10178.463
564,36,Male,Mumbai,11-09-2023,Electronics,Adidas,4239.83,3,0.34,COD,Smartwatch,12719.49,4324.6266,8394.8634
565,53,Male,Hyderabad,30-01-2023,Sports,Sony,1197.51,1,0.37,COD,Desktop,1197.51,443.0787,754.4313
566,29,Male,Mumbai,06-12-2023,Clothing,LG,1271.8,1,0.11,UPI,Mobile,1271.8,139.898,1131.902
567,58,Male,Pune,30-04-2023,Sports,Dell,2610.27,2,0.43,COD,Laptop,5220.54,2244.8322,2975.7078
568,36,Female,Hyderabad,05-10-2023,Sports,HP,3890.5,1,0.48,Card,Tablet,3890.5,1867.44,2023.06
569,29,Male,Mumbai,03-12-2023,Home,Apple,315.8,4,0.12,COD,Smartwatch,1263.2,151.584,1111.616
570,26,Female,Delhi,08-10-2023,Home,Samsung,3497.34,4,0.44,COD,Desktop,13989.36,6155.3184,7834.0416
571,24,Female,Pune,04-11-2023,Home,Nike,3276.36,1,0.05,UPI,Mobile,3276.36,163.818,3112.542
572,45,Male,Pune,07-11-2023,Clothing,Adidas,1234.25,4,0.03,UPI,Laptop,4937,148.11,4788.89
573,31,Female,Pune,05-07-2023,Clothing,Sony,3438.63,1,0.06,Card,Tablet,3438.63,206.3178,3232.3122
574,48,Female,Delhi,05-10-2023,Sports,LG,4706.9,2,0.03,COD,Smartwatch,9413.8,282.414,9131.386
575,36,Female,Delhi,06-06-2023,Home,Dell,329.25,4,0.42,COD,Desktop,1317,553.14,763.86
576,64,Female,Bangalore,21-12-2023,Clothing,HP,1666.3,4,0.03,COD,Mobile,6665.2,199.956,6465.244
577,33,Male,Mumbai,10-09-2023,Electronics,Apple,2247.07,1,0.14,Card,Laptop,2247.07,314.5898,1932.4802
578,22,Male,Bangalore,15-01-2023,Sports,Samsung,4506.38,4,0.05,UPI,Tablet,18025.52,901.276,17124.244
579,52,Female,Mumbai,01-03-2023,Beauty,Nike,4815.08,3,0.15,Card,Smartwatch,14445.24,2166.786,12278.454
580,29,Male,Delhi,20-11-2023,Sports,Adidas,2276.16,2,0.05,COD,Desktop,4552.32,227.616,4324.704
581,42,Male,Delhi,25-04-2023,Beauty,Sony,3775.14,2,0.33,UPI,Mobile,7550.28,2491.5924,5058.6876
582,38,Male,Bangalore,12-05-2023,Home,LG,2705.14,4,0.07,UPI,Laptop,10820.56,757.4392,10063.1208
583,53,Male,Hyderabad,31-08-2023,Beauty,Dell,2735.14,4,0.43,Card,Tablet,10940.56,4704.4408,6236.1192
584,40,Male,Bangalore,02-05-2023,Home,HP,1462.69,3,0.41,UPI,Smartwatch,4388.07,1799.1087,2588.9613
585,33,Female,Mumbai,05-06-2023,Electronics,Apple,1163.09,3,0.01,UPI,Desktop,3489.27,34.8927,3454.3773
586,56,Male,Bangalore,14-08-2023,Beauty,Samsung,1511.23,4,0.45,COD,Mobile,6044.92,2720.214,3324.706
587,62,Male,Pune,28-11-2023,Sports,Nike,2826.01,4,0.01,COD,Laptop,11304.04,113.0404,11190.9996
588,59,Male,Mumbai,20-07-2023,Home,Adidas,242.86,3,0.12,UPI,Tablet,728.58,87.4296,641.1504
589,56,Male,Mumbai,02-10-2023,Sports,Sony,4545.52,1,0.02,UPI,Smartwatch,4545.52,90.9104,4454.6096
590,31,Female,Hyderabad,12-04-2023,Clothing,LG,865.79,3,0.17,Card,Desktop,2597.37,441.5529,2155.8171
591,48,Female,Delhi,05-01-2023,Home,Dell,1178.43,1,0.26,Card,Mobile,1178.43,306.3918,872.0382
592,22,Female,Mumbai,05-09-2023,Beauty,HP,2639.55,2,0.4,UPI,Laptop,5279.1,2111.64,3167.46
593,52,Female,Delhi,18-11-2023,Home,Apple,3579.56,2,0.17,COD,Tablet,7159.12,1217.0504,5942.0696
594,40,Male,Bangalore,13-05-2023,Sports,Samsung,569.07,3,0.35,UPI,Smartwatch,1707.21,597.5235,1109.6865
595,46,Female,Pune,11-07-2023,Electronics,Nike,1656.7,1,0.09,UPI,Desktop,1656.7,149.103,1507.597
596,60,Male,Hyderabad,12-11-2023,Home,Adidas,4846.51,3,0.38,COD,Mobile,14539.53,5525.0214,9014.5086
597,28,Male,Delhi,09-03-2023,Beauty,Sony,1385.48,3,0.12,COD,Laptop,4156.44,498.7728,3657.6672
598,35,Male,Mumbai,29-06-2023,Clothing,LG,1633.95,1,0.07,Card,Tablet,1633.95,114.3765,1519.5735
599,64,Male,Delhi,13-05-2023,Electronics,Dell,4198.84,3,0.09,Card,Smartwatch,12596.52,1133.6868,11462.8332
600,29,Male,Mumbai,08-01-2023,Clothing,HP,346.05,2,0.09,Card,Desktop,692.1,62.289,629.811
601,26,Female,Delhi,02-07-2023,Home,Apple,2376.6,4,0.26,Card,Mobile,9506.4,2471.664,7034.736
602,27,Female,Mumbai,11-07-2023,Sports,Samsung,1960.12,4,0.42,COD,Laptop,7840.48,3293.0016,4547.4784
603,61,Female,Bangalore,05-04-2023,Sports,Nike,1651.28,3,0.04,UPI,Tablet,4953.84,198.1536,4755.6864
604,34,Female,Mumbai,02-12-2023,Beauty,Adidas,1499.93,1,0.35,Card,Smartwatch,1499.93,524.9755,974.9545
605,55,Male,Mumbai,01-09-2023,Sports,Sony,547.73,1,0.33,Card,Desktop,547.73,180.7509,366.9791
606,24,Female,Pune,06-03-2023,Electronics,LG,1642.65,2,0.44,COD,Mobile,3285.3,1445.532,1839.768
607,63,Male,Mumbai,04-10-2023,Sports,Dell,310.96,1,0.12,COD,Laptop,310.96,37.3152,273.6448
608,30,Female,Pune,18-08-2023,Beauty,HP,3926.72,1,0.23,UPI,Tablet,3926.72,903.1456,3023.5744
609,57,Male,Hyderabad,07-09-2023,Home,Apple,2051.32,2,0.46,UPI,Smartwatch,4102.64,1887.2144,2215.4256
610,59,Male,Pune,23-10-2023,Home,Samsung,2275.13,3,0.33,COD,Desktop,6825.39,2252.3787,4573.0113
611,26,Female,Bangalore,03-10-2023,Sports,Nike,4478.61,4,0.19,Card,Mobile,17914.44,3403.7436,14510.6964
612,44,Male,Pune,24-08-2023,Clothing,Adidas,3324.47,2,0.07,Card,Laptop,6648.94,465.4258,6183.5142
613,19,Male,Hyderabad,27-06-2023,Home,Sony,139.49,3,0.13,Card,Tablet,418.47,54.4011,364.0689
614,22,Female,Bangalore,24-06-2023,Sports,LG,4721.56,2,0.29,UPI,Smartwatch,9443.12,2738.5048,6704.6152
615,46,Male,Delhi,20-05-2023,Beauty,Dell,1262.01,3,0.36,Card,Desktop,3786.03,1362.9708,2423.0592
616,54,Female,Delhi,06-05-2023,Sports,HP,627.31,2,0.06,Card,Mobile,1254.62,75.2772,1179.3428
617,55,Female,Pune,02-12-2023,Home,Apple,3863.83,3,0.3,COD,Laptop,11591.49,3477.447,8114.043
618,36,Female,Pune,25-01-2023,Beauty,Samsung,2552.34,2,0.28,Card,Tablet,5104.68,1429.3104,3675.3696
619,25,Male,Hyderabad,21-03-2023,Sports,Nike,2225.48,3,0.26,COD,Smartwatch,6676.44,1735.8744,4940.5656
620,62,Male,Hyderabad,18-10-2023,Electronics,Adidas,1322.57,2,0.35,Card,Desktop,2645.14,925.799,1719.341
621,18,Male,Mumbai,02-10-2023,Beauty,Sony,2782.61,4,0.42,UPI,Mobile,11130.44,4674.7848,6455.6552
622,39,Female,Hyderabad,25-05-2023,Electronics,LG,1444.48,4,0.16,Card,Laptop,5777.92,924.4672,4853.4528
623,34,Male,Mumbai,27-07-2023,Clothing,Dell,4517.76,1,0.44,Card,Tablet,4517.76,1987.8144,2529.9456
624,24,Female,Bangalore,30-08-2023,Beauty,HP,1154.5,3,0.08,COD,Smartwatch,3463.5,277.08,3186.42
625,42,Female,Pune,30-08-2023,Electronics,Apple,4433.34,2,0.09,COD,Desktop,8866.68,798.0012,8068.6788
626,62,Male,Bangalore,15-01-2023,Home,Samsung,2841.09,3,0.13,COD,Mobile,8523.27,1108.0251,7415.2449
627,21,Female,Hyderabad,27-06-2023,Home,Nike,4159.59,4,0.06,Card,Laptop,16638.36,998.3016,15640.0584
628,53,Male,Bangalore,10-11-2023,Clothing,Adidas,3592.95,3,0.12,Card,Tablet,10778.85,1293.462,9485.388
629,23,Male,Bangalore,07-02-2023,Beauty,Sony,3513.81,2,0.05,UPI,Smartwatch,7027.62,351.381,6676.239
630,48,Male,Bangalore,08-04-2023,Beauty,LG,1689.29,3,0.41,Card,Desktop,5067.87,2077.8267,2990.0433
631,36,Male,Hyderabad,06-02-2023,Beauty,Dell,1246.09,2,0.07,UPI,Mobile,2492.18,174.4526,2317.7274
632,61,Male,Bangalore,06-09-2023,Clothing,HP,1133.34,4,0.37,COD,Laptop,4533.36,1677.3432,2856.0168
633,56,Female,Mumbai,02-05-2023,Beauty,Apple,4300.24,4,0.02,COD,Tablet,17200.96,344.0192,16856.9408
634,44,Female,Hyderabad,14-10-2023,Home,Samsung,4120.09,4,0.47,COD,Smartwatch,16480.36,7745.7692,8734.5908
635,27,Female,Bangalore,17-03-2023,Electronics,Nike,2258.81,1,0.36,UPI,Desktop,2258.81,813.1716,1445.6384
636,43,Male,Hyderabad,23-07-2023,Home,Adidas,748.78,4,0,Card,Mobile,2995.12,0,2995.12
637,36,Male,Delhi,01-04-2023,Home,Sony,1973.04,3,0.38,COD,Laptop,5919.12,2249.2656,3669.8544
638,56,Male,Mumbai,31-07-2023,Electronics,LG,3134.78,1,0.26,Card,Tablet,3134.78,815.0428,2319.7372
639,20,Female,Bangalore,15-10-2023,Home,Dell,2326.58,4,0.39,Card,Smartwatch,9306.32,3629.4648,5676.8552
640,62,Male,Delhi,16-02-2023,Clothing,HP,3922.93,3,0.26,COD,Desktop,11768.79,3059.8854,8708.9046
641,30,Female,Delhi,23-06-2023,Electronics,Apple,4988.35,3,0.32,UPI,Mobile,14965.05,4788.816,10176.234
642,45,Female,Hyderabad,01-05-2023,Home,Samsung,1036.55,3,0.39,Card,Laptop,3109.65,1212.7635,1896.8865
643,37,Male,Delhi,17-07-2023,Sports,Nike,2352.29,2,0.2,COD,Tablet,4704.58,940.916,3763.664
644,45,Male,Mumbai,13-09-2023,Home,Adidas,2211.82,1,0,Card,Smartwatch,2211.82,0,2211.82
645,25,Female,Mumbai,28-02-2023,Clothing,Sony,1592.01,3,0.42,Card,Desktop,4776.03,2005.9326,2770.0974
646,58,Male,Pune,08-09-2023,Beauty,LG,1070.67,2,0.19,Card,Mobile,2141.34,406.8546,1734.4854
647,56,Female,Mumbai,10-05-2023,Home,Dell,421.89,4,0.25,Card,Laptop,1687.56,421.89,1265.67
648,18,Male,Delhi,05-05-2023,Beauty,HP,4446.88,3,0,Card,Tablet,13340.64,0,13340.64
649,20,Male,Mumbai,24-07-2023,Sports,Apple,2157.26,2,0.25,UPI,Smartwatch,4314.52,1078.63,3235.89
650,30,Female,Hyderabad,13-06-2023,Home,Samsung,2534.79,3,0.49,UPI,Desktop,7604.37,3726.1413,3878.2287
651,45,Male,Pune,18-10-2023,Electronics,Nike,4593.02,1,0.14,COD,Mobile,4593.02,643.0228,3949.9972
652,42,Female,Delhi,29-01-2023,Beauty,Adidas,3903.82,1,0.2,UPI,Laptop,3903.82,780.764,3123.056
653,50,Male,Pune,20-03-2023,Sports,Sony,739.46,4,0.34,UPI,Tablet,2957.84,1005.6656,1952.1744
654,55,Female,Delhi,17-06-2023,Electronics,LG,2870.56,3,0.41,UPI,Smartwatch,8611.68,3530.7888,5080.8912
655,23,Female,Hyderabad,16-11-2023,Electronics,Dell,2267.04,2,0.21,Card,Desktop,4534.08,952.1568,3581.9232
656,61,Male,Pune,09-10-2023,Electronics,HP,4006.33,4,0.15,Card,Mobile,16025.32,2403.798,13621.522
657,62,Female,Bangalore,30-06-2023,Electronics,Apple,3648.74,3,0.47,COD,Laptop,10946.22,5144.7234,5801.4966
658,49,Male,Delhi,01-09-2023,Home,Samsung,3482.99,4,0.34,COD,Tablet,13931.96,4736.8664,9195.0936
659,62,Male,Bangalore,01-12-2023,Home,Nike,1768.67,2,0.06,COD,Smartwatch,3537.34,212.2404,3325.0996
660,64,Male,Pune,02-02-2023,Home,Adidas,4044.32,4,0.03,Card,Desktop,16177.28,485.3184,15691.9616
661,38,Female,Bangalore,01-12-2023,Sports,Sony,356.72,4,0.24,UPI,Mobile,1426.88,342.4512,1084.4288
662,33,Female,Bangalore,26-02-2023,Sports,LG,882.16,4,0.11,UPI,Laptop,3528.64,388.1504,3140.4896
663,38,Male,Pune,27-12-2023,Sports,Dell,1744.55,3,0.13,Card,Tablet,5233.65,680.3745,4553.2755
664,28,Male,Hyderabad,25-09-2023,Clothing,HP,476.36,2,0.44,COD,Smartwatch,952.72,419.1968,533.5232
665,54,Female,Bangalore,11-07-2023,Sports,Apple,1251.47,1,0.04,COD,Desktop,1251.47,50.0588,1201.4112
666,53,Male,Bangalore,02-10-2023,Home,Samsung,4167.74,3,0.36,COD,Mobile,12503.22,4501.1592,8002.0608
667,52,Male,Hyderabad,01-09-2023,Home,Nike,4746.43,1,0.14,Card,Laptop,4746.43,664.5002,4081.9298
668,36,Female,Bangalore,03-03-2023,Clothing,Adidas,1592.55,1,0.38,COD,Tablet,1592.55,605.169,987.381
669,37,Male,Bangalore,21-05-2023,Clothing,Sony,1396.13,3,0.36,COD,Smartwatch,4188.39,1507.8204,2680.5696
670,35,Female,Bangalore,04-10-2023,Sports,LG,1471.47,3,0,Card,Desktop,4414.41,0,4414.41
671,64,Male,Mumbai,11-03-2023,Beauty,Dell,1460.82,2,0.25,UPI,Mobile,2921.64,730.41,2191.23
672,58,Female,Hyderabad,03-12-2023,Clothing,HP,276.06,2,0.07,Card,Laptop,552.12,38.6484,513.4716
673,31,Male,Bangalore,16-09-2023,Electronics,Apple,4641.89,4,0.43,Card,Tablet,18567.56,7984.0508,10583.5092
674,32,Male,Hyderabad,16-11-2023,Home,Samsung,1147.12,1,0.44,Card,Smartwatch,1147.12,504.7328,642.3872
675,48,Female,Delhi,01-10-2023,Electronics,Nike,2158.02,2,0.21,Card,Desktop,4316.04,906.3684,3409.6716
676,18,Male,Delhi,13-05-2023,Home,Adidas,147.47,4,0.22,UPI,Mobile,589.88,129.7736,460.1064
677,20,Female,Bangalore,28-11-2023,Home,Sony,4303.98,2,0.15,COD,Laptop,8607.96,1291.194,7316.766
678,33,Male,Hyderabad,15-09-2023,Clothing,LG,3682.67,3,0.36,Card,Tablet,11048.01,3977.2836,7070.7264
679,40,Female,Hyderabad,14-10-2023,Clothing,Dell,4739.1,2,0.18,UPI,Smartwatch,9478.2,1706.076,7772.124
680,28,Female,Hyderabad,24-03-2023,Electronics,HP,3929.92,1,0.13,COD,Desktop,3929.92,510.8896,3419.0304
681,29,Female,Mumbai,02-07-2023,Home,Apple,1637.16,2,0.22,COD,Mobile,3274.32,720.3504,2553.9696
682,27,Female,Delhi,08-09-2023,Electronics,Samsung,1314.58,1,0.05,COD,Laptop,1314.58,65.729,1248.851
683,49,Male,Hyderabad,14-11-2023,Beauty,Nike,3518.81,3,0.37,Card,Tablet,10556.43,3905.8791,6650.5509
684,33,Male,Hyderabad,04-05-2023,Electronics,Adidas,1884.15,1,0.01,Card,Smartwatch,1884.15,18.8415,1865.3085
685,25,Female,Mumbai,20-05-2023,Sports,Sony,2874.45,2,0.32,COD,Desktop,5748.9,1839.648,3909.252
686,55,Female,Mumbai,19-07-2023,Electronics,LG,130.66,4,0.09,COD,Mobile,522.64,47.0376,475.6024
687,29,Female,Hyderabad,04-03-2023,Sports,Dell,403.24,3,0.12,COD,Laptop,1209.72,145.1664,1064.5536
688,41,Male,Pune,11-01-2023,Sports,HP,2723.3,2,0.32,COD,Tablet,5446.6,1742.912,3703.688
689,45,Male,Hyderabad,28-02-2023,Sports,Apple,2873.75,3,0.5,COD,Smartwatch,8621.25,4310.625,4310.625
690,25,Male,Hyderabad,12-02-2023,Beauty,Samsung,3782.12,3,0.39,COD,Desktop,11346.36,4425.0804,6921.2796
691,45,Male,Mumbai,23-11-2023,Electronics,Nike,746.63,2,0.11,UPI,Mobile,1493.26,164.2586,1329.0014
692,53,Female,Mumbai,09-06-2023,Electronics,Adidas,2614.6,2,0.09,COD,Laptop,5229.2,470.628,4758.572
693,43,Female,Hyderabad,22-05-2023,Beauty,Sony,1052.79,4,0.43,Card,Tablet,4211.16,1810.7988,2400.3612
694,25,Female,Hyderabad,11-05-2023,Home,LG,556.66,3,0.22,Card,Smartwatch,1669.98,367.3956,1302.5844
695,45,Male,Hyderabad,17-04-2023,Clothing,Dell,2111.43,3,0.07,Card,Desktop,6334.29,443.4003,5890.8897
696,45,Male,Mumbai,17-11-2023,Electronics,HP,900.35,2,0.43,COD,Mobile,1800.7,774.301,1026.399
697,54,Male,Hyderabad,02-04-2023,Clothing,Apple,1186.73,1,0.41,Card,Laptop,1186.73,486.5593,700.1707
698,58,Female,Hyderabad,03-11-2023,Beauty,Samsung,1656.02,2,0.49,UPI,Tablet,3312.04,1622.8996,1689.1404
699,53,Female,Bangalore,15-12-2023,Home,Nike,1371,3,0.45,COD,Smartwatch,4113,1850.85,2262.15
700,44,Male,Pune,28-05-2023,Home,Adidas,529.2,2,0.43,Card,Desktop,1058.4,455.112,603.288
701,34,Female,Delhi,19-04-2023,Home,Sony,540.59,4,0.03,UPI,Mobile,2162.36,64.8708,2097.4892
702,26,Male,Pune,13-05-2023,Beauty,LG,1046.92,1,0.05,UPI,Laptop,1046.92,52.346,994.574
703,50,Male,Bangalore,24-09-2023,Sports,Dell,347.74,2,0.28,Card,Tablet,695.48,194.7344,500.7456
704,37,Female,Delhi,10-03-2023,Sports,HP,3169.64,4,0.27,UPI,Smartwatch,12678.56,3423.2112,9255.3488
705,30,Male,Hyderabad,07-12-2023,Clothing,Apple,1507.9,3,0.23,Card,Desktop,4523.7,1040.451,3483.249
706,45,Female,Bangalore,21-02-2023,Sports,Samsung,1470.76,2,0.2,UPI,Mobile,2941.52,588.304,2353.216
707,46,Male,Hyderabad,01-12-2023,Sports,Nike,1726.79,3,0.22,COD,Laptop,5180.37,1139.6814,4040.6886
708,30,Female,Mumbai,11-01-2023,Home,Adidas,3347.7,4,0.28,COD,Tablet,13390.8,3749.424,9641.376
709,63,Female,Bangalore,20-04-2023,Home,Sony,4366.11,3,0,COD,Smartwatch,13098.33,0,13098.33
710,52,Female,Mumbai,04-09-2023,Clothing,LG,3819.53,4,0.13,COD,Desktop,15278.12,1986.1556,13291.9644
711,23,Male,Bangalore,25-07-2023,Electronics,Dell,3664.89,4,0.26,COD,Mobile,14659.56,3811.4856,10848.0744
712,35,Male,Bangalore,01-04-2023,Clothing,HP,2473.52,4,0.36,Card,Laptop,9894.08,3561.8688,6332.2112
713,22,Female,Mumbai,23-12-2023,Clothing,Apple,3499.65,2,0.09,COD,Tablet,6999.3,629.937,6369.363
714,64,Female,Delhi,29-12-2023,Beauty,Samsung,2808.54,3,0.27,COD,Smartwatch,8425.62,2274.9174,6150.7026
715,42,Male,Pune,12-04-2023,Beauty,Nike,1159.63,3,0.36,COD,Desktop,3478.89,1252.4004,2226.4896
716,19,Male,Hyderabad,06-05-2023,Clothing,Adidas,1122.08,1,0.22,COD,Mobile,1122.08,246.8576,875.2224
717,27,Male,Bangalore,23-02-2023,Clothing,Sony,1552.32,1,0.01,UPI,Laptop,1552.32,15.5232,1536.7968
718,47,Female,Hyderabad,31-08-2023,Clothing,LG,4562.93,1,0.22,COD,Tablet,4562.93,1003.8446,3559.0854
719,62,Male,Mumbai,19-05-2023,Sports,Dell,2782.33,1,0.15,COD,Smartwatch,2782.33,417.3495,2364.9805
720,22,Male,Hyderabad,09-05-2023,Beauty,HP,3696.14,3,0.46,Card,Desktop,11088.42,5100.6732,5987.7468
721,50,Female,Mumbai,16-08-2023,Clothing,Apple,1798.14,4,0.06,UPI,Mobile,7192.56,431.5536,6761.0064
722,18,Male,Hyderabad,11-10-2023,Home,Samsung,2097.81,4,0.33,Card,Laptop,8391.24,2769.1092,5622.1308
723,35,Male,Pune,03-04-2023,Home,Nike,715.27,2,0.03,COD,Tablet,1430.54,42.9162,1387.6238
724,49,Male,Pune,21-09-2023,Sports,Adidas,939.35,4,0.22,Card,Smartwatch,3757.4,826.628,2930.772
725,64,Female,Pune,07-07-2023,Sports,Sony,4154.05,3,0.28,Card,Desktop,12462.15,3489.402,8972.748
726,28,Female,Pune,16-12-2023,Electronics,LG,2965.71,3,0.15,COD,Mobile,8897.13,1334.5695,7562.5605
727,38,Female,Pune,25-10-2023,Electronics,Dell,1753.91,3,0.23,UPI,Laptop,5261.73,1210.1979,4051.5321
728,43,Female,Pune,13-12-2023,Electronics,HP,4033.97,2,0.08,UPI,Tablet,8067.94,645.4352,7422.5048
729,42,Female,Mumbai,28-03-2023,Sports,Apple,1307.95,1,0.15,Card,Smartwatch,1307.95,196.1925,1111.7575
730,39,Female,Bangalore,06-04-2023,Sports,Samsung,4882.56,4,0.31,COD,Desktop,19530.24,6054.3744,13475.8656
731,44,Female,Hyderabad,22-08-2023,Sports,Nike,1789.61,3,0.15,Card,Mobile,5368.83,805.3245,4563.5055
732,30,Male,Pune,20-11-2023,Home,Adidas,1752.82,3,0.45,Card,Laptop,5258.46,2366.307,2892.153
733,50,Male,Mumbai,03-10-2023,Sports,Sony,1628.37,1,0.31,Card,Tablet,1628.37,504.7947,1123.5753
734,51,Female,Mumbai,02-02-2023,Home,LG,698.35,3,0.22,COD,Smartwatch,2095.05,460.911,1634.139
735,58,Male,Mumbai,08-06-2023,Electronics,Dell,644.57,4,0.02,COD,Desktop,2578.28,51.5656,2526.7144
736,52,Male,Bangalore,19-02-2023,Electronics,HP,3275.71,2,0.25,UPI,Mobile,6551.42,1637.855,4913.565
737,18,Female,Hyderabad,27-09-2023,Electronics,Apple,4388.08,3,0.38,COD,Laptop,13164.24,5002.4112,8161.8288
738,38,Male,Bangalore,18-06-2023,Clothing,Samsung,3973.55,4,0.13,Card,Tablet,15894.2,2066.246,13827.954
739,23,Male,Delhi,05-07-2023,Clothing,Nike,791.43,3,0.4,Card,Smartwatch,2374.29,949.716,1424.574
740,45,Male,Mumbai,16-02-2023,Beauty,Adidas,2773.35,1,0.13,UPI,Desktop,2773.35,360.5355,2412.8145
741,34,Male,Delhi,26-07-2023,Beauty,Sony,617.4,3,0.41,COD,Mobile,1852.2,759.402,1092.798
742,22,Male,Pune,26-01-2023,Beauty,LG,321.94,3,0.04,Card,Laptop,965.82,38.6328,927.1872
743,48,Female,Pune,07-12-2023,Clothing,Dell,3316.29,2,0.43,UPI,Tablet,6632.58,2852.0094,3780.5706
744,22,Female,Bangalore,06-11-2023,Clothing,HP,2722.25,1,0.25,UPI,Smartwatch,2722.25,680.5625,2041.6875
745,55,Female,Hyderabad,27-05-2023,Beauty,Apple,501.92,1,0.15,Card,Desktop,501.92,75.288,426.632
746,20,Male,Delhi,09-03-2023,Beauty,Samsung,271.2,2,0.13,Card,Mobile,542.4,70.512,471.888
747,40,Female,Hyderabad,02-04-2023,Sports,Nike,4949.81,3,0.22,COD,Laptop,14849.43,3266.8746,11582.5554
748,54,Male,Bangalore,27-07-2023,Beauty,Adidas,247.1,4,0.5,UPI,Tablet,988.4,494.2,494.2
749,54,Male,Pune,03-07-2023,Sports,Sony,2278.19,1,0.11,Card,Smartwatch,2278.19,250.6009,2027.5891
750,27,Male,Hyderabad,13-11-2023,Home,LG,2572.63,1,0.05,UPI,Desktop,2572.63,128.6315,2443.9985
751,27,Male,Hyderabad,21-05-2023,Clothing,Dell,674.67,3,0.29,COD,Mobile,2024.01,586.9629,1437.0471
752,36,Female,Pune,20-05-2023,Beauty,HP,928.4,3,0.24,Card,Laptop,2785.2,668.448,2116.752
753,34,Female,Delhi,20-07-2023,Clothing,Apple,1823.84,1,0.26,COD,Tablet,1823.84,474.1984,1349.6416
754,38,Male,Pune,10-06-2023,Clothing,Samsung,3832.21,3,0.33,UPI,Smartwatch,11496.63,3793.8879,7702.7421
755,31,Female,Hyderabad,13-07-2023,Clothing,Nike,2584.7,4,0.13,COD,Desktop,10338.8,1344.044,8994.756
756,26,Male,Delhi,29-11-2023,Home,Adidas,3225.72,1,0.46,COD,Mobile,3225.72,1483.8312,1741.8888
757,63,Female,Delhi,13-11-2023,Electronics,Sony,4927.36,4,0.22,UPI,Laptop,19709.44,4336.0768,15373.3632
758,18,Female,Pune,31-03-2023,Beauty,LG,3863.23,4,0.06,COD,Tablet,15452.92,927.1752,14525.7448
759,62,Male,Hyderabad,10-06-2023,Electronics,Dell,2228.37,3,0.37,UPI,Smartwatch,6685.11,2473.4907,4211.6193
760,30,Female,Bangalore,31-10-2023,Electronics,HP,2287.57,4,0.32,Card,Desktop,9150.28,2928.0896,6222.1904
761,21,Male,Hyderabad,21-02-2023,Electronics,Apple,3131.98,3,0.16,UPI,Mobile,9395.94,1503.3504,7892.5896
762,18,Female,Mumbai,05-05-2023,Clothing,Samsung,3360.29,2,0.31,UPI,Laptop,6720.58,2083.3798,4637.2002
763,57,Male,Bangalore,10-10-2023,Sports,Nike,2553.48,3,0.11,Card,Tablet,7660.44,842.6484,6817.7916
764,49,Male,Delhi,17-03-2023,Clothing,Adidas,3259.82,4,0.22,UPI,Smartwatch,13039.28,2868.6416,10170.6384
765,51,Female,Bangalore,21-05-2023,Clothing,Sony,215.31,2,0.45,Card,Desktop,430.62,193.779,236.841
766,45,Female,Delhi,09-09-2023,Electronics,LG,2205.15,3,0.07,Card,Mobile,6615.45,463.0815,6152.3685
767,48,Male,Delhi,14-08-2023,Clothing,Dell,1466.8,4,0.19,UPI,Laptop,5867.2,1114.768,4752.432
768,25,Female,Bangalore,30-12-2023,Electronics,HP,732.95,1,0.41,COD,Tablet,732.95,300.5095,432.4405
769,56,Female,Delhi,20-02-2023,Sports,Apple,587.78,1,0.48,COD,Smartwatch,587.78,282.1344,305.6456
770,43,Male,Delhi,12-12-2023,Beauty,Samsung,3055.64,3,0.23,Card,Desktop,9166.92,2108.3916,7058.5284
771,51,Male,Mumbai,25-02-2023,Electronics,Nike,2665.64,3,0.25,COD,Mobile,7996.92,1999.23,5997.69
772,20,Female,Hyderabad,10-09-2023,Sports,Adidas,1342.56,1,0.29,COD,Laptop,1342.56,389.3424,953.2176
773,29,Male,Hyderabad,18-10-2023,Beauty,Sony,2407.66,4,0.47,UPI,Tablet,9630.64,4526.4008,5104.2392
774,18,Male,Mumbai,18-08-2023,Home,LG,2511.94,4,0.43,Card,Smartwatch,10047.76,4320.5368,5727.2232
775,61,Male,Bangalore,02-06-2023,Electronics,Dell,1055.54,4,0.09,Card,Desktop,4222.16,379.9944,3842.1656
776,22,Female,Pune,23-01-2023,Electronics,HP,3295.26,3,0.22,UPI,Mobile,9885.78,2174.8716,7710.9084
777,47,Female,Pune,27-01-2023,Home,Apple,3926.5,2,0.23,COD,Laptop,7853,1806.19,6046.81
778,47,Male,Pune,06-12-2023,Home,Samsung,3978.17,2,0.39,Card,Tablet,7956.34,3102.9726,4853.3674
779,34,Female,Mumbai,02-06-2023,Electronics,Nike,3052.1,2,0.3,COD,Smartwatch,6104.2,1831.26,4272.94
780,64,Male,Mumbai,27-03-2023,Home,Adidas,2607.03,2,0.33,Card,Desktop,5214.06,1720.6398,3493.4202
781,40,Female,Delhi,15-10-2023,Clothing,Sony,398.94,2,0.5,Card,Mobile,797.88,398.94,398.94
782,32,Male,Pune,03-06-2023,Beauty,LG,1510.37,3,0.04,Card,Laptop,4531.11,181.2444,4349.8656
783,54,Male,Bangalore,29-07-2023,Beauty,Dell,557.03,3,0.11,Card,Tablet,1671.09,183.8199,1487.2701
784,38,Female,Bangalore,24-02-2023,Beauty,HP,4822.73,2,0.2,COD,Smartwatch,9645.46,1929.092,7716.368
785,31,Male,Pune,10-12-2023,Clothing,Apple,761.89,3,0.17,COD,Desktop,2285.67,388.5639,1897.1061
786,19,Female,Pune,23-12-2023,Home,Samsung,843.7,3,0.01,COD,Mobile,2531.1,25.311,2505.789
787,28,Female,Pune,11-09-2023,Sports,Nike,4458.93,2,0.05,COD,Laptop,8917.86,445.893,8471.967
788,56,Male,Mumbai,13-06-2023,Home,Adidas,4725.25,4,0.34,UPI,Tablet,18901,6426.34,12474.66
789,55,Male,Mumbai,23-11-2023,Electronics,Sony,3852.56,3,0.44,Card,Smartwatch,11557.68,5085.3792,6472.3008
790,51,Female,Mumbai,21-06-2023,Beauty,LG,126.48,4,0.26,Card,Desktop,505.92,131.5392,374.3808
791,55,Male,Hyderabad,21-06-2023,Home,Dell,106.6,3,0.27,Card,Mobile,319.8,86.346,233.454
792,51,Male,Bangalore,12-10-2023,Sports,HP,1952.69,3,0.13,UPI,Laptop,5858.07,761.5491,5096.5209
793,35,Male,Bangalore,21-10-2023,Electronics,Apple,802.64,2,0.38,COD,Tablet,1605.28,610.0064,995.2736
794,47,Male,Delhi,27-02-2023,Clothing,Samsung,190.09,3,0.38,Card,Smartwatch,570.27,216.7026,353.5674
795,32,Male,Mumbai,07-02-2023,Clothing,Nike,2373.93,1,0.29,COD,Desktop,2373.93,688.4397,1685.4903
796,44,Female,Hyderabad,03-04-2023,Sports,Adidas,4721,1,0.11,COD,Mobile,4721,519.31,4201.69
797,51,Female,Hyderabad,14-02-2023,Electronics,Sony,1686.72,2,0.05,UPI,Laptop,3373.44,168.672,3204.768
798,55,Male,Bangalore,01-08-2023,Beauty,LG,3339.59,4,0.03,UPI,Tablet,13358.36,400.7508,12957.6092
799,50,Male,Mumbai,29-12-2023,Home,Dell,3295.95,4,0.3,COD,Smartwatch,13183.8,3955.14,9228.66
800,41,Male,Delhi,06-06-2023,Electronics,HP,1330.29,4,0.41,Card,Desktop,5321.16,2181.6756,3139.4844
801,32,Female,Mumbai,03-02-2023,Clothing,Apple,3287.08,1,0.43,Card,Mobile,3287.08,1413.4444,1873.6356
802,47,Male,Pune,16-02-2023,Sports,Samsung,1140.44,4,0.23,UPI,Laptop,4561.76,1049.2048,3512.5552
803,59,Female,Mumbai,05-07-2023,Sports,Nike,697.84,4,0.39,UPI,Tablet,2791.36,1088.6304,1702.7296
804,34,Female,Pune,12-09-2023,Home,Adidas,3536.78,2,0.47,UPI,Smartwatch,7073.56,3324.5732,3748.9868
805,22,Female,Pune,15-11-2023,Sports,Sony,655.86,4,0.14,UPI,Desktop,2623.44,367.2816,2256.1584
806,46,Male,Delhi,11-09-2023,Sports,LG,4984.86,1,0.2,UPI,Mobile,4984.86,996.972,3987.888
807,21,Female,Bangalore,06-11-2023,Electronics,Dell,998.92,1,0.47,UPI,Laptop,998.92,469.4924,529.4276
808,27,Male,Mumbai,10-04-2023,Beauty,HP,3011.3,1,0.17,UPI,Tablet,3011.3,511.921,2499.379
809,34,Female,Pune,10-05-2023,Home,Apple,2115.74,2,0.46,Card,Smartwatch,4231.48,1946.4808,2284.9992
810,27,Male,Mumbai,20-06-2023,Electronics,Samsung,719.29,2,0.49,UPI,Desktop,1438.58,704.9042,733.6758
811,34,Female,Bangalore,12-04-2023,Beauty,Nike,236.44,3,0.33,UPI,Mobile,709.32,234.0756,475.2444
812,37,Male,Bangalore,04-10-2023,Electronics,Adidas,3151.39,4,0.41,Card,Laptop,12605.56,5168.2796,7437.2804
813,41,Female,Hyderabad,11-12-2023,Electronics,Sony,4053.11,2,0.37,Card,Tablet,8106.22,2999.3014,5106.9186
814,22,Male,Bangalore,27-01-2023,Sports,LG,4225.88,1,0.35,COD,Smartwatch,4225.88,1479.058,2746.822
815,51,Male,Delhi,02-02-2023,Beauty,Dell,2465.3,1,0.15,UPI,Desktop,2465.3,369.795,2095.505
816,23,Male,Pune,10-11-2023,Home,HP,3909.53,2,0.03,UPI,Mobile,7819.06,234.5718,7584.4882
817,19,Male,Hyderabad,22-05-2023,Home,Apple,3396.95,2,0.17,UPI,Laptop,6793.9,1154.963,5638.937
818,30,Female,Delhi,20-06-2023,Beauty,Samsung,3648.85,2,0.33,UPI,Tablet,7297.7,2408.241,4889.459
819,60,Female,Mumbai,23-09-2023,Sports,Nike,2513.74,3,0.05,COD,Smartwatch,7541.22,377.061,7164.159
820,60,Male,Pune,02-02-2023,Clothing,Adidas,3203.72,1,0.01,Card,Desktop,3203.72,32.0372,3171.6828
821,28,Female,Bangalore,07-03-2023,Electronics,Sony,4047.08,3,0.07,Card,Mobile,12141.24,849.8868,11291.3532
822,64,Male,Pune,19-02-2023,Sports,LG,2049.63,3,0.36,UPI,Laptop,6148.89,2213.6004,3935.2896
823,40,Male,Mumbai,20-09-2023,Beauty,Dell,4049.3,4,0.49,UPI,Tablet,16197.2,7936.628,8260.572
824,33,Female,Hyderabad,28-07-2023,Electronics,HP,3000.88,1,0.49,UPI,Smartwatch,3000.88,1470.4312,1530.4488
825,48,Male,Hyderabad,03-06-2023,Home,Apple,912.92,1,0.25,COD,Desktop,912.92,228.23,684.69
826,28,Male,Hyderabad,11-01-2023,Clothing,Samsung,220.95,2,0.43,COD,Mobile,441.9,190.017,251.883
827,33,Female,Bangalore,15-09-2023,Home,Nike,1877.49,2,0.37,Card,Laptop,3754.98,1389.3426,2365.6374
828,25,Male,Delhi,12-02-2023,Beauty,Adidas,2778.81,4,0.25,UPI,Tablet,11115.24,2778.81,8336.43
829,21,Male,Delhi,30-06-2023,Electronics,Sony,4215.12,3,0.29,UPI,Smartwatch,12645.36,3667.1544,8978.2056
830,57,Male,Pune,11-02-2023,Beauty,LG,724.68,2,0.07,UPI,Desktop,1449.36,101.4552,1347.9048
831,21,Male,Bangalore,18-11-2023,Electronics,Dell,4021.01,2,0.47,UPI,Mobile,8042.02,3779.7494,4262.2706
832,42,Female,Hyderabad,18-05-2023,Sports,HP,4328.74,1,0.18,COD,Laptop,4328.74,779.1732,3549.5668
833,20,Female,Hyderabad,02-01-2023,Clothing,Apple,838.37,1,0.22,Card,Tablet,838.37,184.4414,653.9286
834,49,Female,Mumbai,20-10-2023,Sports,Samsung,4272.81,2,0.34,Card,Smartwatch,8545.62,2905.5108,5640.1092
835,20,Male,Mumbai,06-07-2023,Sports,Nike,4958.12,1,0.17,COD,Desktop,4958.12,842.8804,4115.2396
836,44,Male,Hyderabad,07-12-2023,Beauty,Adidas,3661.51,4,0.13,UPI,Mobile,14646.04,1903.9852,12742.0548
837,46,Female,Hyderabad,30-03-2023,Clothing,Sony,3945.37,2,0.32,Card,Laptop,7890.74,2525.0368,5365.7032
838,49,Male,Bangalore,02-05-2023,Electronics,LG,4972.63,1,0.01,Card,Tablet,4972.63,49.7263,4922.9037
839,36,Male,Delhi,29-07-2023,Electronics,Dell,3066.86,4,0.36,COD,Smartwatch,12267.44,4416.2784,7851.1616
840,38,Male,Mumbai,19-02-2023,Home,HP,1608.64,1,0.26,UPI,Desktop,1608.64,418.2464,1190.3936
841,22,Male,Delhi,09-09-2023,Electronics,Apple,4203.9,1,0.3,Card,Mobile,4203.9,1261.17,2942.73
842,35,Female,Bangalore,12-06-2023,Beauty,Samsung,3110.98,1,0.32,UPI,Laptop,3110.98,995.5136,2115.4664
843,45,Female,Hyderabad,17-06-2023,Sports,Nike,2947.86,2,0.26,Card,Tablet,5895.72,1532.8872,4362.8328
844,59,Female,Delhi,21-03-2023,Sports,Adidas,1342.81,3,0.29,COD,Smartwatch,4028.43,1168.2447,2860.1853
845,39,Male,Hyderabad,02-11-2023,Sports,Sony,3806.04,1,0.34,UPI,Desktop,3806.04,1294.0536,2511.9864
846,38,Female,Hyderabad,21-03-2023,Clothing,LG,500.17,4,0.38,COD,Mobile,2000.68,760.2584,1240.4216
847,23,Female,Pune,22-05-2023,Electronics,Dell,4629.01,2,0.36,Card,Laptop,9258.02,3332.8872,5925.1328
848,18,Male,Delhi,05-06-2023,Beauty,HP,1696.53,2,0.43,COD,Tablet,3393.06,1459.0158,1934.0442
849,22,Male,Delhi,04-03-2023,Clothing,Apple,726.1,4,0.09,COD,Smartwatch,2904.4,261.396,2643.004
850,58,Female,Hyderabad,18-09-2023,Home,Samsung,2267.6,1,0.2,COD,Desktop,2267.6,453.52,1814.08
851,29,Female,Bangalore,05-05-2023,Beauty,Nike,308.1,3,0.47,Card,Mobile,924.3,434.421,489.879
852,43,Female,Pune,25-03-2023,Beauty,Adidas,3454.67,1,0.2,UPI,Laptop,3454.67,690.934,2763.736
853,63,Female,Hyderabad,15-05-2023,Beauty,Sony,4523.26,4,0.06,COD,Tablet,18093.04,1085.5824,17007.4576
854,51,Male,Mumbai,15-04-2023,Sports,LG,4202.59,2,0.26,UPI,Smartwatch,8405.18,2185.3468,6219.8332
855,31,Female,Mumbai,18-11-2023,Beauty,Dell,724.11,3,0.05,Card,Desktop,2172.33,108.6165,2063.7135
856,43,Female,Pune,25-01-2023,Electronics,HP,718.73,2,0.1,UPI,Mobile,1437.46,143.746,1293.714
857,62,Male,Bangalore,08-12-2023,Beauty,Apple,4085.83,4,0.5,COD,Laptop,16343.32,8171.66,8171.66
858,44,Female,Hyderabad,26-11-2023,Sports,Samsung,4628.85,1,0.27,COD,Tablet,4628.85,1249.7895,3379.0605
859,26,Male,Delhi,23-07-2023,Beauty,Nike,2357.28,3,0.14,COD,Smartwatch,7071.84,990.0576,6081.7824
860,43,Male,Pune,07-03-2023,Home,Adidas,2544.96,2,0.5,COD,Desktop,5089.92,2544.96,2544.96
861,64,Male,Bangalore,25-11-2023,Home,Sony,1659.48,2,0.48,COD,Mobile,3318.96,1593.1008,1725.8592
862,39,Female,Delhi,29-06-2023,Sports,LG,4481.9,2,0.22,COD,Laptop,8963.8,1972.036,6991.764
863,64,Female,Mumbai,15-12-2023,Electronics,Dell,3260.02,1,0.13,Card,Tablet,3260.02,423.8026,2836.2174
864,47,Male,Mumbai,09-07-2023,Electronics,HP,1512.43,3,0.42,Card,Smartwatch,4537.29,1905.6618,2631.6282
865,60,Female,Delhi,27-01-2023,Clothing,Apple,1564.04,1,0.36,Card,Desktop,1564.04,563.0544,1000.9856
866,34,Female,Pune,11-02-2023,Sports,Samsung,4466.88,1,0.34,UPI,Mobile,4466.88,1518.7392,2948.1408
867,43,Male,Mumbai,27-10-2023,Beauty,Nike,166.81,1,0.45,UPI,Laptop,166.81,75.0645,91.7455
868,53,Male,Hyderabad,10-06-2023,Sports,Adidas,1681.36,4,0.34,Card,Tablet,6725.44,2286.6496,4438.7904
869,18,Female,Delhi,03-01-2023,Clothing,Sony,2816.35,4,0.14,UPI,Smartwatch,11265.4,1577.156,9688.244
870,25,Male,Delhi,25-09-2023,Sports,LG,826.27,4,0.35,UPI,Desktop,3305.08,1156.778,2148.302
871,52,Female,Mumbai,07-07-2023,Sports,Dell,551.28,3,0.15,COD,Mobile,1653.84,248.076,1405.764
872,32,Female,Pune,26-09-2023,Clothing,HP,4094.85,1,0.38,COD,Laptop,4094.85,1556.043,2538.807
873,64,Female,Hyderabad,11-08-2023,Electronics,Apple,4482.58,1,0.31,UPI,Tablet,4482.58,1389.5998,3092.9802
874,39,Female,Pune,15-03-2023,Beauty,Samsung,4135.67,4,0.04,UPI,Smartwatch,16542.68,661.7072,15880.9728
875,31,Male,Bangalore,12-08-2023,Clothing,Nike,4504.06,1,0.26,Card,Desktop,4504.06,1171.0556,3333.0044
876,43,Male,Bangalore,18-07-2023,Home,Adidas,2810.25,1,0.17,UPI,Mobile,2810.25,477.7425,2332.5075
877,45,Male,Mumbai,14-05-2023,Electronics,Sony,4080.06,2,0.16,COD,Laptop,8160.12,1305.6192,6854.5008
878,40,Male,Mumbai,10-02-2023,Home,LG,1981.81,1,0.3,UPI,Tablet,1981.81,594.543,1387.267
879,31,Female,Mumbai,26-07-2023,Electronics,Dell,3364.71,2,0.16,Card,Smartwatch,6729.42,1076.7072,5652.7128
880,41,Female,Bangalore,26-04-2023,Beauty,HP,4945.29,1,0.39,COD,Desktop,4945.29,1928.6631,3016.6269
881,19,Male,Pune,03-04-2023,Beauty,Apple,1206.07,3,0.04,COD,Mobile,3618.21,144.7284,3473.4816
882,62,Female,Pune,06-05-2023,Sports,Samsung,2010.51,4,0.33,COD,Laptop,8042.04,2653.8732,5388.1668
883,43,Female,Mumbai,29-08-2023,Home,Nike,2452.23,2,0.4,COD,Tablet,4904.46,1961.784,2942.676
884,31,Female,Hyderabad,31-05-2023,Electronics,Adidas,776.28,4,0.34,UPI,Smartwatch,3105.12,1055.7408,2049.3792
885,24,Male,Pune,27-01-2023,Beauty,Sony,497.09,2,0.25,Card,Desktop,994.18,248.545,745.635
886,20,Male,Bangalore,27-10-2023,Clothing,LG,4165.64,2,0.48,UPI,Mobile,8331.28,3999.0144,4332.2656
887,64,Male,Delhi,01-01-2024,Beauty,Dell,4886.29,2,0.15,UPI,Laptop,9772.58,1465.887,8306.693
888,40,Female,Delhi,13-01-2023,Clothing,HP,2083.15,3,0.01,COD,Tablet,6249.45,62.4945,6186.9555
889,63,Male,Delhi,29-06-2023,Electronics,Apple,529.48,1,0.22,Card,Smartwatch,529.48,116.4856,412.9944
890,60,Male,Hyderabad,27-09-2023,Beauty,Samsung,422.48,2,0.02,COD,Desktop,844.96,16.8992,828.0608
891,64,Male,Mumbai,07-06-2023,Beauty,Nike,4467.46,3,0.48,UPI,Mobile,13402.38,6433.1424,6969.2376
892,62,Male,Bangalore,13-09-2023,Electronics,Adidas,2372.69,2,0.1,UPI,Laptop,4745.38,474.538,4270.842
893,35,Male,Hyderabad,24-06-2023,Beauty,Sony,1668.13,1,0.39,COD,Tablet,1668.13,650.5707,1017.5593
894,55,Male,Bangalore,15-04-2023,Clothing,LG,2434.66,2,0.39,UPI,Smartwatch,4869.32,1899.0348,2970.2852
895,52,Female,Bangalore,27-05-2023,Beauty,Dell,1659.69,3,0.11,UPI,Desktop,4979.07,547.6977,4431.3723
896,32,Female,Mumbai,25-02-2023,Home,HP,2496.28,1,0.31,COD,Mobile,2496.28,773.8468,1722.4332
897,42,Male,Delhi,21-06-2023,Sports,Apple,4311.83,3,0.02,UPI,Laptop,12935.49,258.7098,12676.7802
898,54,Male,Mumbai,13-12-2023,Clothing,Samsung,3002.28,1,0.24,Card,Tablet,3002.28,720.5472,2281.7328
899,45,Female,Hyderabad,28-06-2023,Home,Nike,3503.8,1,0.01,COD,Smartwatch,3503.8,35.038,3468.762
900,27,Female,Hyderabad,22-09-2023,Electronics,Adidas,1886.89,4,0.46,Card,Desktop,7547.56,3471.8776,4075.6824
901,56,Male,Hyderabad,22-03-2023,Clothing,Sony,3718.68,4,0.49,UPI,Mobile,14874.72,7288.6128,7586.1072
902,34,Male,Mumbai,05-04-2023,Sports,LG,3366.42,4,0.11,UPI,Laptop,13465.68,1481.2248,11984.4552
903,56,Male,Bangalore,18-07-2023,Sports,Dell,685.85,1,0.1,COD,Tablet,685.85,68.585,617.265
904,39,Male,Bangalore,27-09-2023,Electronics,HP,2905.95,2,0.38,UPI,Smartwatch,5811.9,2208.522,3603.378
905,43,Female,Pune,24-11-2023,Electronics,Apple,1358.04,3,0.13,COD,Desktop,4074.12,529.6356,3544.4844
906,61,Male,Hyderabad,13-11-2023,Clothing,Samsung,4040.07,3,0.45,COD,Mobile,12120.21,5454.0945,6666.1155
907,42,Male,Bangalore,29-07-2023,Beauty,Nike,2187.09,3,0.29,COD,Laptop,6561.27,1902.7683,4658.5017
908,34,Male,Pune,04-06-2023,Electronics,Adidas,4973.95,4,0.18,COD,Tablet,19895.8,3581.244,16314.556
909,30,Male,Bangalore,24-04-2023,Beauty,Sony,553.25,1,0.42,COD,Smartwatch,553.25,232.365,320.885
910,37,Female,Hyderabad,10-12-2023,Home,LG,3923.7,4,0.25,Card,Desktop,15694.8,3923.7,11771.1
911,42,Female,Delhi,17-06-2023,Sports,Dell,3401.14,2,0.46,COD,Mobile,6802.28,3129.0488,3673.2312
912,21,Female,Hyderabad,12-08-2023,Beauty,HP,3860.74,1,0.46,Card,Laptop,3860.74,1775.9404,2084.7996
913,27,Male,Mumbai,25-03-2023,Sports,Apple,1606.9,3,0.08,UPI,Tablet,4820.7,385.656,4435.044
914,20,Male,Bangalore,17-04-2023,Beauty,Samsung,2511.07,4,0,COD,Smartwatch,10044.28,0,10044.28
915,58,Female,Bangalore,01-12-2023,Home,Nike,4002.89,4,0.49,UPI,Desktop,16011.56,7845.6644,8165.8956
916,62,Male,Mumbai,24-02-2023,Electronics,Adidas,1239.45,2,0.45,COD,Mobile,2478.9,1115.505,1363.395
917,35,Male,Mumbai,26-04-2023,Home,Sony,1207.56,2,0.03,Card,Laptop,2415.12,72.4536,2342.6664
918,64,Female,Delhi,04-06-2023,Electronics,LG,2800.15,4,0.42,Card,Tablet,11200.6,4704.252,6496.348
919,53,Female,Bangalore,27-03-2023,Electronics,Dell,2665.46,2,0.23,Card,Smartwatch,5330.92,1226.1116,4104.8084
920,64,Female,Bangalore,09-10-2023,Sports,HP,1483.09,3,0.13,UPI,Desktop,4449.27,578.4051,3870.8649
921,39,Female,Delhi,22-03-2023,Home,Apple,1560.57,2,0.44,COD,Mobile,3121.14,1373.3016,1747.8384
922,51,Male,Pune,21-04-2023,Beauty,Samsung,1461.44,2,0.1,UPI,Laptop,2922.88,292.288,2630.592
923,64,Male,Delhi,07-03-2023,Home,Nike,3880.41,4,0.47,Card,Tablet,15521.64,7295.1708,8226.4692
924,25,Female,Hyderabad,13-12-2023,Sports,Adidas,3294.31,4,0.1,UPI,Smartwatch,13177.24,1317.724,11859.516
925,57,Male,Bangalore,01-10-2023,Electronics,Sony,4178.84,1,0.31,Card,Desktop,4178.84,1295.4404,2883.3996
926,61,Female,Mumbai,03-02-2023,Sports,LG,4879.82,1,0.11,Card,Mobile,4879.82,536.7802,4343.0398
927,36,Female,Hyderabad,01-01-2024,Clothing,Dell,2423.41,4,0.27,Card,Laptop,9693.64,2617.2828,7076.3572
928,59,Male,Bangalore,12-08-2023,Clothing,HP,426.8,2,0.34,COD,Tablet,853.6,290.224,563.376
929,58,Female,Delhi,04-12-2023,Beauty,Apple,335.65,2,0.1,COD,Smartwatch,671.3,67.13,604.17
930,54,Male,Hyderabad,19-04-2023,Sports,Samsung,1548.76,1,0.26,Card,Desktop,1548.76,402.6776,1146.0824
931,23,Male,Bangalore,29-09-2023,Beauty,Nike,4669.47,1,0.23,UPI,Mobile,4669.47,1073.9781,3595.4919
932,43,Male,Pune,07-08-2023,Beauty,Adidas,2663.74,1,0.04,UPI,Laptop,2663.74,106.5496,2557.1904
933,51,Male,Pune,10-03-2023,Clothing,Sony,1431.75,3,0.41,COD,Tablet,4295.25,1761.0525,2534.1975
934,62,Female,Mumbai,13-12-2023,Beauty,LG,2055.92,3,0.17,Card,Smartwatch,6167.76,1048.5192,5119.2408
935,23,Male,Bangalore,11-02-2023,Clothing,Dell,3033.12,1,0.29,UPI,Desktop,3033.12,879.6048,2153.5152
936,54,Female,Pune,13-03-2023,Electronics,HP,3299.45,2,0.26,Card,Mobile,6598.9,1715.714,4883.186
937,50,Female,Delhi,22-12-2023,Sports,Apple,854.21,1,0.26,UPI,Laptop,854.21,222.0946,632.1154
938,39,Female,Bangalore,23-11-2023,Beauty,Samsung,4887.46,3,0.05,COD,Tablet,14662.38,733.119,13929.261
939,38,Female,Delhi,09-11-2023,Clothing,Nike,2769.38,2,0.21,Card,Smartwatch,5538.76,1163.1396,4375.6204
940,23,Male,Delhi,16-10-2023,Home,Adidas,764.87,3,0.23,Card,Desktop,2294.61,527.7603,1766.8497
941,23,Male,Pune,02-10-2023,Beauty,Sony,4478.81,2,0.37,UPI,Mobile,8957.62,3314.3194,5643.3006
942,21,Female,Bangalore,08-03-2023,Electronics,LG,465.73,3,0.42,UPI,Laptop,1397.19,586.8198,810.3702
943,47,Female,Hyderabad,25-05-2023,Electronics,Dell,4547.9,2,0.27,UPI,Tablet,9095.8,2455.866,6639.934
944,28,Male,Pune,29-07-2023,Home,HP,4983.17,2,0.04,Card,Smartwatch,9966.34,398.6536,9567.6864
945,47,Female,Pune,17-03-2023,Clothing,Apple,3532.12,2,0.12,COD,Desktop,7064.24,847.7088,6216.5312
946,48,Male,Bangalore,12-09-2023,Beauty,Samsung,3875.19,2,0.08,COD,Mobile,7750.38,620.0304,7130.3496
947,41,Female,Bangalore,09-12-2023,Clothing,Nike,1752.78,4,0.06,UPI,Laptop,7011.12,420.6672,6590.4528
948,26,Male,Delhi,29-03-2023,Electronics,Adidas,4713.73,3,0.18,COD,Tablet,14141.19,2545.4142,11595.7758
949,20,Female,Bangalore,07-08-2023,Clothing,Sony,2695.6,3,0.11,UPI,Smartwatch,8086.8,889.548,7197.252
950,48,Female,Delhi,26-08-2023,Electronics,LG,3688.7,4,0.11,COD,Desktop,14754.8,1623.028,13131.772
951,57,Male,Pune,10-02-2023,Clothing,Dell,4628.13,2,0.03,Card,Mobile,9256.26,277.6878,8978.5722
952,54,Female,Mumbai,10-10-2023,Home,HP,4878.38,2,0.01,UPI,Laptop,9756.76,97.5676,9659.1924
953,53,Female,Hyderabad,06-02-2023,Sports,Apple,4182.7,3,0.05,COD,Tablet,12548.1,627.405,11920.695
954,41,Male,Pune,12-09-2023,Home,Samsung,1584.79,4,0.09,Card,Smartwatch,6339.16,570.5244,5768.6356
955,48,Female,Bangalore,06-12-2023,Home,Nike,4836.08,2,0.22,COD,Desktop,9672.16,2127.8752,7544.2848
956,23,Male,Hyderabad,02-06-2023,Sports,Adidas,3177.79,2,0.26,Card,Mobile,6355.58,1652.4508,4703.1292
957,19,Male,Mumbai,09-03-2023,Sports,Sony,4660.15,2,0.07,Card,Laptop,9320.3,652.421,8667.879
958,37,Female,Mumbai,19-11-2023,Beauty,LG,3412.91,1,0.21,COD,Tablet,3412.91,716.7111,2696.1989
959,45,Female,Delhi,13-02-2023,Beauty,Dell,1605.47,4,0.17,COD,Smartwatch,6421.88,1091.7196,5330.1604
960,28,Female,Hyderabad,19-01-2023,Home,HP,1913.12,2,0.09,Card,Desktop,3826.24,344.3616,3481.8784
961,21,Female,Delhi,03-11-2023,Home,Apple,2797.31,1,0,Card,Mobile,2797.31,0,2797.31
962,32,Female,Pune,10-01-2023,Electronics,Samsung,3971.07,4,0.23,Card,Laptop,15884.28,3653.3844,12230.8956
963,23,Female,Hyderabad,19-01-2023,Electronics,Nike,1658.11,2,0.34,UPI,Tablet,3316.22,1127.5148,2188.7052
964,47,Female,Pune,02-12-2023,Beauty,Adidas,2940.68,3,0.11,Card,Smartwatch,8822.04,970.4244,7851.6156
965,55,Male,Delhi,04-04-2023,Beauty,Sony,1793.56,1,0.07,UPI,Desktop,1793.56,125.5492,1668.0108
966,19,Female,Hyderabad,21-11-2023,Electronics,LG,4097.27,1,0.44,Card,Mobile,4097.27,1802.7988,2294.4712
967,32,Male,Delhi,09-07-2023,Electronics,Dell,2386.97,2,0.14,UPI,Laptop,4773.94,668.3516,4105.5884
968,28,Female,Hyderabad,29-03-2023,Clothing,HP,475.94,2,0.11,Card,Tablet,951.88,104.7068,847.1732
969,25,Female,Delhi,24-04-2023,Clothing,Apple,913.66,1,0.43,Card,Smartwatch,913.66,392.8738,520.7862
970,43,Male,Mumbai,11-04-2023,Electronics,Samsung,399.41,3,0.41,Card,Desktop,1198.23,491.2743,706.9557
971,62,Female,Delhi,15-11-2023,Clothing,Nike,2546.58,3,0.22,COD,Mobile,7639.74,1680.7428,5958.9972
972,61,Female,Mumbai,14-01-2023,Sports,Adidas,621.05,4,0.24,COD,Laptop,2484.2,596.208,1887.992
973,22,Male,Delhi,17-10-2023,Beauty,Sony,659.29,2,0.11,Card,Tablet,1318.58,145.0438,1173.5362
974,23,Female,Hyderabad,04-09-2023,Beauty,LG,4711.14,3,0.04,UPI,Smartwatch,14133.42,565.3368,13568.0832
975,43,Female,Hyderabad,21-02-2023,Electronics,Dell,4376.01,4,0.29,UPI,Desktop,17504.04,5076.1716,12427.8684
976,21,Female,Hyderabad,29-07-2023,Home,HP,2315.22,3,0.05,Card,Mobile,6945.66,347.283,6598.377
977,36,Male,Bangalore,21-10-2023,Electronics,Apple,4930.45,2,0.22,COD,Laptop,9860.9,2169.398,7691.502
978,37,Female,Pune,15-09-2023,Clothing,Samsung,100.91,4,0.47,UPI,Tablet,403.64,189.7108,213.9292
979,50,Female,Hyderabad,21-04-2023,Home,Nike,3108.5,4,0.48,COD,Smartwatch,12434,5968.32,6465.68
980,37,Female,Mumbai,02-09-2023,Clothing,Adidas,3120.5,4,0.12,UPI,Desktop,12482,1497.84,10984.16
981,29,Female,Hyderabad,10-07-2023,Sports,Sony,2341.47,3,0.31,Card,Mobile,7024.41,2177.5671,4846.8429
982,64,Male,Bangalore,20-09-2023,Clothing,LG,2045.05,2,0.24,COD,Laptop,4090.1,981.624,3108.476
983,18,Male,Mumbai,24-09-2023,Sports,Dell,2331.38,4,0.44,UPI,Tablet,9325.52,4103.2288,5222.2912
984,43,Female,Bangalore,05-10-2023,Sports,HP,2133.31,1,0.14,Card,Smartwatch,2133.31,298.6634,1834.6466
985,31,Female,Mumbai,11-01-2023,Clothing,Apple,3679.41,2,0,Card,Desktop,7358.82,0,7358.82
986,55,Male,Delhi,16-09-2023,Clothing,Samsung,763.24,1,0.08,Card,Mobile,763.24,61.0592,702.1808
987,54,Male,Pune,16-08-2023,Sports,Nike,1068.43,1,0.17,COD,Laptop,1068.43,181.6331,886.7969
988,28,Female,Pune,18-07-2023,Home,Adidas,984.54,4,0.16,COD,Tablet,3938.16,630.1056,3308.0544
989,53,Male,Bangalore,07-10-2023,Sports,Sony,1386.11,4,0.4,Card,Smartwatch,5544.44,2217.776,3326.664
990,30,Female,Pune,27-10-2023,Beauty,LG,2673.77,3,0.34,COD,Desktop,8021.31,2727.2454,5294.0646
991,60,Male,Bangalore,12-07-2023,Sports,Dell,644.92,3,0.15,UPI,Mobile,1934.76,290.214,1644.546
992,20,Male,Bangalore,29-06-2023,Home,HP,4354.03,3,0.23,Card,Laptop,13062.09,3004.2807,10057.8093
993,50,Male,Bangalore,28-10-2023,Beauty,Apple,1557.07,2,0.05,Card,Tablet,3114.14,155.707,2958.433
994,23,Male,Pune,21-12-2023,Electronics,Samsung,896.44,3,0.45,COD,Smartwatch,2689.32,1210.194,1479.126
995,27,Female,Bangalore,25-09-2023,Electronics,Nike,3410.54,1,0.47,Card,Desktop,3410.54,1602.9538,1807.5862
996,22,Male,Pune,27-07-2023,Home,Adidas,286.62,3,0.49,UPI,Mobile,859.86,421.3314,438.5286
997,40,Male,Bangalore,03-07-2023,Sports,Sony,3137.85,4,0.43,COD,Laptop,12551.4,5397.102,7154.298
998,27,Female,Hyderabad,08-04-2023,Clothing,LG,3521.17,3,0.09,COD,Tablet,10563.51,950.7159,9612.7941
999,61,Male,Bangalore,07-05-2023,Home,Dell,1153.09,2,0.02,Card,Smartwatch,2306.18,46.1236,2260.0564
1000,19,Male,Mumbai,14-05-2023,Beauty,HP,305.62,2,0.29,Card,Desktop,611.24,177.2596,433.9804
